,onset,duration,amplitude
0,0.0,2.0,-0.020512820512820513
1,2.0,2.0,-0.020512820512820513
2,4.0,2.0,-0.020512820512820513
3,6.0,2.0,-0.020512820512820513
4,8.0,2.0,-0.020512820512820513
5,10.0,2.0,-0.020512820512820513
6,12.0,2.0,-0.020512820512820513
7,14.0,2.0,-0.020512820512820513
8,16.0,2.0,-0.020512820512820513
9,18.0,2.0,-0.020512820512820513
10,20.0,2.0,-0.020512820512820513
11,22.0,2.0,-0.020512820512820513
12,24.0,2.0,-0.020512820512820513
13,26.0,2.0,-0.020512820512820513
14,28.0,2.0,-0.020512820512820513
15,30.0,2.0,-0.020512820512820513
16,32.0,2.0,-0.020512820512820513
17,34.0,2.0,-0.020512820512820513
18,36.0,2.0,-0.020512820512820513
19,38.0,2.0,-0.020512820512820513
20,40.0,2.0,-0.020512820512820513
21,42.0,2.0,-0.020512820512820513
22,44.0,2.0,-0.020512820512820513
23,46.0,2.0,-0.020512820512820513
24,48.0,2.0,-0.020512820512820513
25,50.0,2.0,-0.020512820512820513
26,52.0,2.0,0.9794871794871794
27,54.0,2.0,-0.020512820512820513
28,56.0,2.0,-0.020512820512820513
29,58.0,2.0,-0.020512820512820513
30,60.0,2.0,-0.020512820512820513
31,62.0,2.0,-0.020512820512820513
32,64.0,2.0,-0.020512820512820513
33,66.0,2.0,-0.020512820512820513
34,68.0,2.0,-0.020512820512820513
35,70.0,2.0,-0.020512820512820513
36,72.0,2.0,-0.020512820512820513
37,74.0,2.0,-0.020512820512820513
38,76.0,2.0,-0.020512820512820513
39,78.0,2.0,-0.020512820512820513
40,80.0,2.0,-0.020512820512820513
41,82.0,2.0,-0.020512820512820513
42,84.0,2.0,-0.020512820512820513
43,86.0,2.0,-0.020512820512820513
44,88.0,2.0,-0.020512820512820513
45,90.0,2.0,-0.020512820512820513
46,92.0,2.0,-0.020512820512820513
47,94.0,2.0,-0.020512820512820513
48,96.0,2.0,-0.020512820512820513
49,98.0,2.0,-0.020512820512820513
50,100.0,2.0,-0.020512820512820513
51,102.0,2.0,-0.020512820512820513
52,104.0,2.0,-0.020512820512820513
53,106.0,2.0,-0.020512820512820513
54,108.0,2.0,-0.020512820512820513
55,110.0,2.0,-0.020512820512820513
56,112.0,2.0,-0.020512820512820513
57,114.0,2.0,-0.020512820512820513
58,116.0,2.0,-0.020512820512820513
59,118.0,2.0,-0.020512820512820513
60,120.0,2.0,-0.020512820512820513
61,122.0,2.0,-0.020512820512820513
62,124.0,2.0,-0.020512820512820513
63,126.0,2.0,-0.020512820512820513
64,128.0,2.0,-0.020512820512820513
65,130.0,2.0,-0.020512820512820513
66,132.0,2.0,-0.020512820512820513
67,134.0,2.0,-0.020512820512820513
68,136.0,2.0,-0.020512820512820513
69,138.0,2.0,-0.020512820512820513
70,140.0,2.0,-0.020512820512820513
71,142.0,2.0,0.9794871794871794
72,144.0,2.0,-0.020512820512820513
73,146.0,2.0,-0.020512820512820513
74,148.0,2.0,-0.020512820512820513
75,150.0,2.0,-0.020512820512820513
76,152.0,2.0,-0.020512820512820513
77,154.0,2.0,-0.020512820512820513
78,156.0,2.0,-0.020512820512820513
79,158.0,2.0,-0.020512820512820513
80,160.0,2.0,-0.020512820512820513
81,162.0,2.0,-0.020512820512820513
82,164.0,2.0,-0.020512820512820513
83,166.0,2.0,-0.020512820512820513
84,168.0,2.0,-0.020512820512820513
85,170.0,2.0,-0.020512820512820513
86,172.0,2.0,-0.020512820512820513
87,174.0,2.0,-0.020512820512820513
88,176.0,2.0,-0.020512820512820513
89,178.0,2.0,-0.020512820512820513
90,180.0,2.0,-0.020512820512820513
91,182.0,2.0,-0.020512820512820513
92,184.0,2.0,-0.020512820512820513
93,186.0,2.0,-0.020512820512820513
94,188.0,2.0,-0.020512820512820513
95,190.0,2.0,-0.020512820512820513
96,192.0,2.0,-0.020512820512820513
97,194.0,2.0,-0.020512820512820513
98,196.0,2.0,-0.020512820512820513
99,198.0,2.0,0.9794871794871794
100,200.0,2.0,-0.020512820512820513
101,202.0,2.0,-0.020512820512820513
102,204.0,2.0,-0.020512820512820513
103,206.0,2.0,-0.020512820512820513
104,208.0,2.0,-0.020512820512820513
105,210.0,2.0,-0.020512820512820513
106,212.0,2.0,-0.020512820512820513
107,214.0,2.0,-0.020512820512820513
108,216.0,2.0,-0.020512820512820513
109,218.0,2.0,-0.020512820512820513
110,220.0,2.0,-0.020512820512820513
111,222.0,2.0,-0.020512820512820513
112,224.0,2.0,-0.020512820512820513
113,226.0,2.0,-0.020512820512820513
114,228.0,2.0,-0.020512820512820513
115,230.0,2.0,-0.020512820512820513
116,232.0,2.0,-0.020512820512820513
117,234.0,2.0,-0.020512820512820513
118,236.0,2.0,-0.020512820512820513
119,238.0,2.0,-0.020512820512820513
120,240.0,2.0,-0.020512820512820513
121,242.0,2.0,-0.020512820512820513
122,244.0,2.0,-0.020512820512820513
123,246.0,2.0,-0.020512820512820513
124,248.0,2.0,-0.020512820512820513
125,250.0,2.0,-0.020512820512820513
126,252.0,2.0,-0.020512820512820513
127,254.0,2.0,-0.020512820512820513
128,256.0,2.0,-0.020512820512820513
129,258.0,2.0,-0.020512820512820513
130,260.0,2.0,-0.020512820512820513
131,262.0,2.0,-0.020512820512820513
132,264.0,2.0,-0.020512820512820513
133,266.0,2.0,-0.020512820512820513
134,268.0,2.0,-0.020512820512820513
135,270.0,2.0,-0.020512820512820513
136,272.0,2.0,-0.020512820512820513
137,274.0,2.0,-0.020512820512820513
138,276.0,2.0,-0.020512820512820513
139,278.0,2.0,-0.020512820512820513
140,280.0,2.0,-0.020512820512820513
141,282.0,2.0,-0.020512820512820513
142,284.0,2.0,-0.020512820512820513
143,286.0,2.0,-0.020512820512820513
144,288.0,2.0,-0.020512820512820513
145,290.0,2.0,-0.020512820512820513
146,292.0,2.0,-0.020512820512820513
147,294.0,2.0,-0.020512820512820513
148,296.0,2.0,-0.020512820512820513
149,298.0,2.0,-0.020512820512820513
150,300.0,2.0,-0.020512820512820513
151,302.0,2.0,-0.020512820512820513
152,304.0,2.0,-0.020512820512820513
153,306.0,2.0,-0.020512820512820513
154,308.0,2.0,-0.020512820512820513
155,310.0,2.0,-0.020512820512820513
156,312.0,2.0,-0.020512820512820513
157,314.0,2.0,-0.020512820512820513
158,316.0,2.0,-0.020512820512820513
159,318.0,2.0,-0.020512820512820513
160,320.0,2.0,-0.020512820512820513
161,322.0,2.0,-0.020512820512820513
162,324.0,2.0,-0.020512820512820513
163,326.0,2.0,-0.020512820512820513
164,328.0,2.0,-0.020512820512820513
165,330.0,2.0,-0.020512820512820513
166,332.0,2.0,-0.020512820512820513
167,334.0,2.0,-0.020512820512820513
168,336.0,2.0,-0.020512820512820513
169,338.0,2.0,-0.020512820512820513
170,340.0,2.0,-0.020512820512820513
171,342.0,2.0,-0.020512820512820513
172,344.0,2.0,-0.020512820512820513
173,346.0,2.0,-0.020512820512820513
174,348.0,2.0,-0.020512820512820513
175,350.0,2.0,-0.020512820512820513
176,352.0,2.0,-0.020512820512820513
177,354.0,2.0,-0.020512820512820513
178,356.0,2.0,-0.020512820512820513
179,358.0,2.0,-0.020512820512820513
180,360.0,2.0,-0.020512820512820513
181,362.0,2.0,-0.020512820512820513
182,364.0,2.0,-0.020512820512820513
183,366.0,2.0,-0.020512820512820513
184,368.0,2.0,-0.020512820512820513
185,370.0,2.0,-0.020512820512820513
186,372.0,2.0,-0.020512820512820513
187,374.0,2.0,-0.020512820512820513
188,376.0,2.0,-0.020512820512820513
189,378.0,2.0,-0.020512820512820513
190,380.0,2.0,-0.020512820512820513
191,382.0,2.0,-0.020512820512820513
192,384.0,2.0,-0.020512820512820513
193,386.0,2.0,-0.020512820512820513
194,388.0,2.0,-0.020512820512820513
195,390.0,2.0,-0.020512820512820513
196,392.0,2.0,-0.020512820512820513
197,394.0,2.0,-0.020512820512820513
198,396.0,2.0,-0.020512820512820513
199,398.0,2.0,-0.020512820512820513
200,400.0,2.0,0.9794871794871794
201,402.0,2.0,-0.020512820512820513
202,404.0,2.0,-0.020512820512820513
203,406.0,2.0,-0.020512820512820513
204,408.0,2.0,-0.020512820512820513
205,410.0,2.0,-0.020512820512820513
206,412.0,2.0,-0.020512820512820513
207,414.0,2.0,-0.020512820512820513
208,416.0,2.0,-0.020512820512820513
209,418.0,2.0,-0.020512820512820513
210,420.0,2.0,-0.020512820512820513
211,422.0,2.0,-0.020512820512820513
212,424.0,2.0,-0.020512820512820513
213,426.0,2.0,-0.020512820512820513
214,428.0,2.0,-0.020512820512820513
215,430.0,2.0,-0.020512820512820513
216,432.0,2.0,-0.020512820512820513
217,434.0,2.0,-0.020512820512820513
218,436.0,2.0,-0.020512820512820513
219,438.0,2.0,-0.020512820512820513
220,440.0,2.0,-0.020512820512820513
221,442.0,2.0,-0.020512820512820513
222,444.0,2.0,-0.020512820512820513
223,446.0,2.0,-0.020512820512820513
224,448.0,2.0,-0.020512820512820513
225,450.0,2.0,-0.020512820512820513
226,452.0,2.0,-0.020512820512820513
227,454.0,2.0,-0.020512820512820513
228,456.0,2.0,-0.020512820512820513
229,458.0,2.0,-0.020512820512820513
230,460.0,2.0,-0.020512820512820513
231,462.0,2.0,-0.020512820512820513
232,464.0,2.0,-0.020512820512820513
233,466.0,2.0,-0.020512820512820513
234,468.0,2.0,-0.020512820512820513
235,470.0,2.0,-0.020512820512820513
236,472.0,2.0,-0.020512820512820513
237,474.0,2.0,-0.020512820512820513
238,476.0,2.0,-0.020512820512820513
239,478.0,2.0,-0.020512820512820513
240,480.0,2.0,-0.020512820512820513
241,482.0,2.0,-0.020512820512820513
242,484.0,2.0,-0.020512820512820513
243,486.0,2.0,-0.020512820512820513
244,488.0,2.0,-0.020512820512820513
245,490.0,2.0,0.9794871794871794
246,492.0,2.0,-0.020512820512820513
247,494.0,2.0,-0.020512820512820513
248,496.0,2.0,-0.020512820512820513
249,498.0,2.0,-0.020512820512820513
250,500.0,2.0,-0.020512820512820513
251,502.0,2.0,-0.020512820512820513
252,504.0,2.0,-0.020512820512820513
253,506.0,2.0,-0.020512820512820513
254,508.0,2.0,-0.020512820512820513
255,510.0,2.0,-0.020512820512820513
256,512.0,2.0,-0.020512820512820513
257,514.0,2.0,-0.020512820512820513
258,516.0,2.0,-0.020512820512820513
259,518.0,2.0,-0.020512820512820513
260,520.0,2.0,-0.020512820512820513
261,522.0,2.0,-0.020512820512820513
262,524.0,2.0,-0.020512820512820513
263,526.0,2.0,-0.020512820512820513
264,528.0,2.0,-0.020512820512820513
265,530.0,2.0,-0.020512820512820513
266,532.0,2.0,-0.020512820512820513
267,534.0,2.0,-0.020512820512820513
268,536.0,2.0,-0.020512820512820513
269,538.0,2.0,-0.020512820512820513
270,540.0,2.0,-0.020512820512820513
271,542.0,2.0,-0.020512820512820513
272,544.0,2.0,-0.020512820512820513
273,546.0,2.0,-0.020512820512820513
274,548.0,2.0,-0.020512820512820513
275,550.0,2.0,-0.020512820512820513
276,552.0,2.0,-0.020512820512820513
277,554.0,2.0,-0.020512820512820513
278,556.0,2.0,-0.020512820512820513
279,558.0,2.0,-0.020512820512820513
280,560.0,2.0,-0.020512820512820513
281,562.0,2.0,-0.020512820512820513
282,564.0,2.0,-0.020512820512820513
283,566.0,2.0,-0.020512820512820513
284,568.0,2.0,-0.020512820512820513
285,570.0,2.0,-0.020512820512820513
286,572.0,2.0,-0.020512820512820513
287,574.0,2.0,-0.020512820512820513
288,576.0,2.0,-0.020512820512820513
289,578.0,2.0,-0.020512820512820513
290,580.0,2.0,-0.020512820512820513
291,582.0,2.0,-0.020512820512820513
292,584.0,2.0,-0.020512820512820513
293,586.0,2.0,-0.020512820512820513
294,588.0,2.0,-0.020512820512820513
295,590.0,2.0,-0.020512820512820513
296,592.0,2.0,-0.020512820512820513
297,594.0,2.0,-0.020512820512820513
298,596.0,2.0,-0.020512820512820513
299,598.0,2.0,-0.020512820512820513
300,600.0,2.0,-0.020512820512820513
301,602.0,2.0,-0.020512820512820513
302,604.0,2.0,0.9794871794871794
303,606.0,2.0,-0.020512820512820513
304,608.0,2.0,-0.020512820512820513
305,610.0,2.0,-0.020512820512820513
306,612.0,2.0,-0.020512820512820513
307,614.0,2.0,-0.020512820512820513
308,616.0,2.0,-0.020512820512820513
309,618.0,2.0,-0.020512820512820513
310,620.0,2.0,-0.020512820512820513
311,622.0,2.0,-0.020512820512820513
312,624.0,2.0,-0.020512820512820513
313,626.0,2.0,-0.020512820512820513
314,628.0,2.0,-0.020512820512820513
315,630.0,2.0,-0.020512820512820513
316,632.0,2.0,-0.020512820512820513
317,634.0,2.0,-0.020512820512820513
318,636.0,2.0,-0.020512820512820513
319,638.0,2.0,-0.020512820512820513
320,640.0,2.0,-0.020512820512820513
321,642.0,2.0,-0.020512820512820513
322,644.0,2.0,-0.020512820512820513
323,646.0,2.0,-0.020512820512820513
324,648.0,2.0,-0.020512820512820513
325,650.0,2.0,-0.020512820512820513
326,652.0,2.0,-0.020512820512820513
327,654.0,2.0,-0.020512820512820513
328,656.0,2.0,0.9794871794871794
329,658.0,2.0,-0.020512820512820513
330,660.0,2.0,-0.020512820512820513
331,662.0,2.0,-0.020512820512820513
332,664.0,2.0,-0.020512820512820513
333,666.0,2.0,-0.020512820512820513
334,668.0,2.0,-0.020512820512820513
335,670.0,2.0,-0.020512820512820513
336,672.0,2.0,-0.020512820512820513
337,674.0,2.0,-0.020512820512820513
338,676.0,2.0,-0.020512820512820513
339,678.0,2.0,-0.020512820512820513
340,680.0,2.0,-0.020512820512820513
341,682.0,2.0,-0.020512820512820513
342,684.0,2.0,-0.020512820512820513
343,686.0,2.0,-0.020512820512820513
344,688.0,2.0,-0.020512820512820513
345,690.0,2.0,-0.020512820512820513
346,692.0,2.0,-0.020512820512820513
347,694.0,2.0,-0.020512820512820513
348,696.0,2.0,-0.020512820512820513
349,698.0,2.0,-0.020512820512820513
350,700.0,2.0,-0.020512820512820513
351,702.0,2.0,-0.020512820512820513
352,704.0,2.0,-0.020512820512820513
353,706.0,2.0,-0.020512820512820513
354,708.0,2.0,-0.020512820512820513
355,710.0,2.0,-0.020512820512820513
356,712.0,2.0,0.9794871794871794
357,714.0,2.0,-0.020512820512820513
358,716.0,2.0,-0.020512820512820513
359,718.0,2.0,-0.020512820512820513
360,720.0,2.0,-0.020512820512820513
361,722.0,2.0,-0.020512820512820513
362,724.0,2.0,-0.020512820512820513
363,726.0,2.0,-0.020512820512820513
364,728.0,2.0,-0.020512820512820513
365,730.0,2.0,-0.020512820512820513
366,732.0,2.0,-0.020512820512820513
367,734.0,2.0,-0.020512820512820513
368,736.0,2.0,-0.020512820512820513
369,738.0,2.0,-0.020512820512820513
370,740.0,2.0,-0.020512820512820513
371,742.0,2.0,-0.020512820512820513
372,744.0,2.0,-0.020512820512820513
373,746.0,2.0,-0.020512820512820513
374,748.0,2.0,-0.020512820512820513
375,750.0,2.0,-0.020512820512820513
376,752.0,2.0,-0.020512820512820513
377,754.0,2.0,-0.020512820512820513
378,756.0,2.0,-0.020512820512820513
379,758.0,2.0,-0.020512820512820513
380,760.0,2.0,-0.020512820512820513
381,762.0,2.0,-0.020512820512820513
382,764.0,2.0,-0.020512820512820513
383,766.0,2.0,-0.020512820512820513
384,768.0,2.0,-0.020512820512820513
385,770.0,2.0,-0.020512820512820513
386,772.0,2.0,-0.020512820512820513
387,774.0,2.0,-0.020512820512820513
388,776.0,2.0,-0.020512820512820513
