Clip_Filename,Average_Pitch_Hz,Average_Amplitude
clip000.mov,317.0903015136719,0.018477879464626312
clip001.mov,325.0210266113281,0.017256656661629677
clip002.mov,488.4693908691406,0.04171881824731827
clip003.mov,311.84600830078125,0.033070679754018784
clip004.mov,358.0774841308594,0.027984019368886948
clip005.mov,269.4188537597656,0.04266377165913582
clip006.mov,401.9058532714844,0.04272718355059624
clip007.mov,723.1200561523438,0.08375946432352066
clip008.mov,990.4717407226562,0.029890114441514015
clip009.mov,701.9412841796875,0.07595173269510269
clip010.mov,249.17153930664062,0.030497683212161064
clip011.mov,355.6665344238281,0.05164171755313873
clip012.mov,845.7431640625,0.032182883471250534
clip013.mov,1109.9530029296875,0.041876133531332016
clip014.mov,937.0491943359375,0.04993365332484245
clip015.mov,604.5114135742188,0.0643380731344223
clip016.mov,591.7235717773438,0.07917443662881851
clip017.mov,944.8551635742188,0.10265517234802246
clip018.mov,1103.2147216796875,0.07226251065731049
clip019.mov,842.3619995117188,0.07009676843881607
clip020.mov,675.2867431640625,0.05386684462428093
clip021.mov,1400.588134765625,0.07919260114431381
clip022.mov,1807.9278564453125,0.06963440775871277
clip023.mov,1544.445556640625,0.058487191796302795
clip024.mov,839.09375,0.023857275024056435
clip025.mov,759.0726318359375,0.01776038110256195
clip026.mov,438.8509216308594,0.00286362087354064
clip027.mov,376.65203857421875,0.005278952419757843
clip028.mov,400.5863952636719,0.006281670648604631
clip029.mov,332.4367370605469,0.007883512414991856
clip030.mov,269.9997863769531,0.007177912630140781
clip031.mov,266.9886779785156,0.007808629889041185
clip032.mov,195.8835906982422,0.009090228006243706
clip033.mov,456.5609436035156,0.005502716172486544
clip034.mov,299.7498779296875,0.01203216053545475
clip035.mov,268.93328857421875,0.0060237981379032135
clip036.mov,308.7266540527344,0.006061316933482885
clip037.mov,265.3341064453125,0.032990071922540665
clip038.mov,344.4367370605469,0.003837252501398325
clip039.mov,219.46214294433594,0.007110921200364828
clip040.mov,224.8540496826172,0.007839660160243511
clip041.mov,235.33607482910156,0.008556215092539787
clip042.mov,183.62196350097656,0.009804822504520416
clip043.mov,249.6578826904297,0.006594089791178703
clip044.mov,283.93438720703125,0.012320751324295998
clip045.mov,272.1725158691406,0.01521964743733406
clip046.mov,284.6677551269531,0.017744848504662514
clip047.mov,186.3085479736328,0.007198361214250326
clip048.mov,467.4306640625,0.0032124468125402927
clip049.mov,365.9258728027344,0.00590967433527112
clip050.mov,758.2408447265625,0.005296400748193264
clip051.mov,404.61492919921875,0.0035026161931455135
clip052.mov,753.852294921875,0.012442155741155148
clip053.mov,654.8728637695312,0.007841839455068111
clip054.mov,618.5127563476562,0.0053405254147946835
clip055.mov,408.2992248535156,0.007722336798906326
clip056.mov,404.4505310058594,0.002549738623201847
clip057.mov,466.67242431640625,0.017304372042417526
clip058.mov,331.026611328125,0.008337235078215599
clip059.mov,385.1390075683594,0.0014544238802045584
clip060.mov,389.5895690917969,0.0018111357931047678
clip061.mov,515.924072265625,0.026182066649198532
clip062.mov,331.4292907714844,0.015789328143000603
clip063.mov,410.01226806640625,0.017981233075261116
clip064.mov,391.3414001464844,0.03741053491830826
clip065.mov,808.0642700195312,0.0550525039434433
clip066.mov,719.1812133789062,0.05593695119023323
clip067.mov,528.8746948242188,0.047778841108083725
clip068.mov,883.1495971679688,0.04869034141302109
clip069.mov,799.337646484375,0.05506496876478195
clip070.mov,598.1251220703125,0.04563342407345772
clip071.mov,400.5672607421875,0.01422409899532795
clip072.mov,366.0404968261719,0.01613016426563263
clip073.mov,689.552734375,0.012910484336316586
clip074.mov,538.1619873046875,0.007517191115766764
clip075.mov,528.6665649414062,0.003121696412563324
clip076.mov,366.0223693847656,0.0016193862538784742
clip077.mov,312.27490234375,0.047788240015506744
clip078.mov,449.4500732421875,0.01084921881556511
clip079.mov,932.460693359375,0.013436631299555302
clip080.mov,519.74755859375,0.016720669344067574
clip081.mov,312.82757568359375,0.0553109236061573
clip082.mov,351.9457702636719,0.05484369397163391
clip083.mov,550.6990356445312,0.06694650650024414
clip084.mov,417.10369873046875,0.05304768308997154
clip085.mov,545.27978515625,0.04644717276096344
clip086.mov,506.85107421875,0.057774756103754044
clip087.mov,418.7826843261719,0.05041101574897766
clip088.mov,286.4206237792969,0.058118317276239395
clip089.mov,493.6976623535156,0.07318426668643951
clip090.mov,476.1260681152344,0.08722635358572006
clip091.mov,452.4461669921875,0.052599407732486725
clip092.mov,524.8215942382812,0.05100918188691139
clip093.mov,444.93359375,0.06361863017082214
clip094.mov,395.6616516113281,0.05362827330827713
clip095.mov,348.27117919921875,0.050327420234680176
clip096.mov,529.7260131835938,0.06310383975505829
clip097.mov,319.9863586425781,0.07212256640195847
clip098.mov,559.1764526367188,0.04485673829913139
clip099.mov,218.0639190673828,0.008226743899285793
clip100.mov,240.47413635253906,0.02520822174847126
clip101.mov,267.94207763671875,0.02847951650619507
clip102.mov,312.7518615722656,0.030788306146860123
clip103.mov,248.99740600585938,0.02651536464691162
clip104.mov,273.31927490234375,0.0351848229765892
clip105.mov,305.1337585449219,0.03753618523478508
clip106.mov,325.2757263183594,0.053240276873111725
clip107.mov,363.41107177734375,0.04788355901837349
clip108.mov,304.5147399902344,0.029104221612215042
clip109.mov,266.9277648925781,0.022465132176876068
clip110.mov,281.21875,0.02410939149558544
clip111.mov,216.5124969482422,0.029687097296118736
clip112.mov,647.3211669921875,0.04107847064733505
clip113.mov,1031.2755126953125,0.0385868139564991
clip114.mov,1013.9331665039062,0.022203007712960243
clip115.mov,513.9927978515625,0.011250095441937447
clip116.mov,438.4687805175781,0.015561975538730621
clip117.mov,487.3656311035156,0.01910414732992649
clip118.mov,357.1824645996094,0.02440541982650757
clip119.mov,480.18328857421875,0.009918722324073315
clip120.mov,472.5528869628906,0.0029262565076351166
clip121.mov,649.71875,0.014968276023864746
clip122.mov,546.6900024414062,0.00868743285536766
clip123.mov,668.9856567382812,0.017624277621507645
clip124.mov,664.1477661132812,0.013415973633527756
clip125.mov,717.419921875,0.024060873314738274
clip126.mov,676.739013671875,0.01614302583038807
clip127.mov,686.929443359375,0.015330818481743336
clip128.mov,532.7847290039062,0.009087721817195415
clip129.mov,723.3816528320312,0.021423978731036186
clip130.mov,697.7034912109375,0.020281720906496048
clip131.mov,868.7415771484375,0.026147469878196716
clip132.mov,726.8470458984375,0.02712993696331978
clip133.mov,358.27392578125,0.02360537461936474
clip134.mov,306.6371154785156,0.02144150249660015
clip135.mov,305.1262512207031,0.019066331908106804
clip136.mov,422.618408203125,0.01909221149981022
clip137.mov,314.5511779785156,0.020047007128596306
clip138.mov,381.5040588378906,0.021432969719171524
clip139.mov,427.2582092285156,0.018616797402501106
clip140.mov,245.90240478515625,0.013218038715422153
clip141.mov,387.5627746582031,0.014098785817623138
clip142.mov,612.4530639648438,0.011791370809078217
clip143.mov,413.9320373535156,0.014754615724086761
clip144.mov,422.9410095214844,0.011912200599908829
clip145.mov,453.5420837402344,0.013997114263474941
clip146.mov,307.6041259765625,0.011285625398159027
clip147.mov,334.0187683105469,0.011602319777011871
clip148.mov,551.5039672851562,0.016963215544819832
clip149.mov,697.4215087890625,0.01908392272889614
clip150.mov,364.6658020019531,0.013703488744795322
clip151.mov,493.4718017578125,0.014109206385910511
clip152.mov,491.50238037109375,0.016005055978894234
clip153.mov,686.2300415039062,0.024459997192025185
clip154.mov,693.2066040039062,0.028200965374708176
clip155.mov,455.7992248535156,0.0360376201570034
clip156.mov,728.7786254882812,0.031462252140045166
clip157.mov,720.6795043945312,0.029956230893731117
clip158.mov,594.8897094726562,0.013610534369945526
clip159.mov,614.1907958984375,0.0002852700126823038
clip160.mov,755.78369140625,0.000641565362457186
clip161.mov,779.527587890625,0.005601076874881983
clip162.mov,607.10400390625,0.001574391615577042
clip163.mov,387.8531799316406,0.0012203030055388808
clip164.mov,338.6829528808594,0.0013741570292040706
clip165.mov,333.35418701171875,0.0015572377014905214
clip166.mov,336.6347961425781,0.001891783089376986
clip167.mov,343.30596923828125,0.0021352667827159166
clip168.mov,347.96343994140625,0.001869114814326167
clip169.mov,379.2725524902344,0.004346046131104231
clip170.mov,663.4676513671875,0.0026246467605233192
clip171.mov,1352.280517578125,0.0016206811415031552
clip172.mov,1056.9368896484375,0.0031020897440612316
clip173.mov,712.3966674804688,0.0030805382411926985
clip174.mov,387.53436279296875,0.003168392227962613
clip175.mov,534.6638793945312,0.0017781282076612115
clip176.mov,360.62799072265625,0.004492679610848427
clip177.mov,451.5831604003906,0.0019432196859270334
clip178.mov,451.04058837890625,0.001714392681606114
clip179.mov,870.8993530273438,0.0022967266850173473
clip180.mov,743.9229736328125,0.002607297385111451
clip181.mov,364.6496276855469,0.001984536647796631
clip182.mov,383.36297607421875,0.001660614856518805
clip183.mov,515.19775390625,0.004396465141326189
clip184.mov,319.229248046875,0.0031182626262307167
clip185.mov,284.9448547363281,0.0029507779981940985
clip186.mov,411.5032653808594,0.0037225126288831234
clip187.mov,434.0102233886719,0.0033538746647536755
clip188.mov,404.20037841796875,0.0036564331967383623
clip189.mov,360.5893859863281,0.0031407612841576338
clip190.mov,337.9089050292969,0.005386639386415482
clip191.mov,332.88671875,0.004545418545603752
clip192.mov,330.973876953125,0.003384142881259322
clip193.mov,381.3268127441406,0.002415581839159131
clip194.mov,263.71624755859375,0.004309848882257938
clip195.mov,521.0682373046875,0.003355446271598339
clip196.mov,391.04656982421875,0.0028200617525726557
clip197.mov,462.48333740234375,0.0028304883744567633
clip198.mov,514.8803100585938,0.0025716994423419237
clip199.mov,391.26287841796875,0.002741551026701927
clip200.mov,436.29632568359375,0.001306158839724958
clip201.mov,478.0923156738281,0.018093446269631386
clip202.mov,350.8628845214844,0.03480301797389984
clip203.mov,225.7808074951172,0.053386200219392776
clip204.mov,244.7512664794922,0.06548440456390381
clip205.mov,246.14378356933594,0.07218088954687119
clip206.mov,391.28057861328125,0.07688819617033005
clip207.mov,381.3211364746094,0.07313570380210876
clip208.mov,673.7666625976562,0.06409995257854462
clip209.mov,486.53460693359375,0.047365233302116394
clip210.mov,704.2720336914062,0.029697561636567116
clip211.mov,612.7852783203125,0.011063512414693832
clip212.mov,587.3283081054688,0.012387587688863277
clip213.mov,799.8004760742188,0.009437834843993187
clip214.mov,323.9177551269531,0.009776435792446136
clip215.mov,260.0462646484375,0.022202083840966225
clip216.mov,245.68603515625,0.018897127360105515
clip217.mov,225.40162658691406,0.019608614966273308
clip218.mov,267.2890319824219,0.01776169426739216
clip219.mov,242.1195068359375,0.02471845969557762
clip220.mov,306.8118896484375,0.01853298954665661
clip221.mov,257.2992248535156,0.01708003506064415
clip222.mov,218.1228485107422,0.014852671884000301
clip223.mov,615.070556640625,0.036431342363357544
clip224.mov,446.5257263183594,0.017709169536828995
clip225.mov,789.5313110351562,0.0029500084929168224
clip226.mov,758.7843017578125,0.004527338780462742
clip227.mov,1264.4349365234375,0.0044124675914645195
clip228.mov,1022.302001953125,0.00271432101726532
clip229.mov,509.037841796875,0.001088773482479155
clip230.mov,474.8875732421875,0.001553271198645234
clip231.mov,502.458740234375,0.0010241230484098196
clip232.mov,337.77899169921875,0.0023838351480662823
clip233.mov,356.3323059082031,0.0055931685492396355
clip234.mov,509.5151672363281,0.0007515665492974222
clip235.mov,480.18804931640625,0.00569378025829792
clip236.mov,857.5798950195312,0.00705237640067935
clip237.mov,716.0133056640625,0.00810801237821579
clip238.mov,518.8080444335938,0.00803566724061966
clip239.mov,550.8291625976562,0.0034465077333152294
clip240.mov,809.3667602539062,0.010286231525242329
clip241.mov,370.5389709472656,0.0021458149421960115
clip242.mov,252.81680297851562,0.0006336204241961241
clip243.mov,468.3028564453125,0.0006015425897203386
clip244.mov,658.72900390625,0.000476198794785887
clip245.mov,293.3379821777344,0.0013643637066707015
clip246.mov,585.3970947265625,0.00969335064291954
clip247.mov,509.96026611328125,0.01366567611694336
clip248.mov,601.00634765625,0.00620040949434042
clip249.mov,556.5480346679688,0.005741872824728489
clip250.mov,532.3954467773438,0.009294059127569199
clip251.mov,504.6305236816406,0.006933386437594891
clip252.mov,637.5208129882812,0.022989023476839066
clip253.mov,474.2565612792969,0.004956105723977089
clip254.mov,333.6114807128906,0.015574803575873375
clip255.mov,407.41064453125,0.0217296089977026
clip256.mov,469.6551818847656,0.022536057978868484
clip257.mov,522.740234375,0.02517225593328476
clip258.mov,564.8914184570312,0.023660434409976006
clip259.mov,1163.158935546875,0.006753009743988514
clip260.mov,481.758544921875,0.010985168628394604
clip261.mov,369.92376708984375,0.0022588970605283976
clip262.mov,347.72711181640625,0.004328428767621517
clip263.mov,474.8604431152344,0.017692698165774345
clip264.mov,502.2588806152344,0.01923270896077156
clip265.mov,775.8364868164062,0.0025776727125048637
clip266.mov,858.1935424804688,0.007544633932411671
clip267.mov,745.5029907226562,0.005334921181201935
clip268.mov,581.1149291992188,0.003321701195091009
clip269.mov,590.2709350585938,0.010866548866033554
clip270.mov,624.4886474609375,0.016042057424783707
clip271.mov,389.4102783203125,0.020981991663575172
clip272.mov,753.2533569335938,0.02449553646147251
clip273.mov,582.1992797851562,0.009089374914765358
clip274.mov,643.02099609375,0.021444780752062798
clip275.mov,867.321044921875,0.014014148153364658
clip276.mov,686.4006958007812,0.00976098608225584
clip277.mov,741.8052978515625,0.02183525264263153
clip278.mov,864.0661010742188,0.023503808304667473
clip279.mov,713.3020629882812,0.012411242350935936
clip280.mov,660.4407348632812,0.024258768185973167
clip281.mov,557.8377075195312,0.008751493878662586
clip282.mov,405.8458251953125,0.020190058276057243
clip283.mov,529.2637329101562,0.039571985602378845
clip284.mov,413.96197509765625,0.0409296415746212
clip285.mov,640.9345092773438,0.034838784486055374
clip286.mov,596.2176513671875,0.05355942249298096
clip287.mov,531.2054443359375,0.054061610251665115
clip288.mov,834.7904052734375,0.06412883847951889
clip289.mov,789.5025024414062,0.061748798936605453
clip290.mov,609.7797241210938,0.05517470836639404
clip291.mov,879.0438842773438,0.04982532188296318
clip292.mov,977.7860107421875,0.0666220635175705
clip293.mov,951.0809936523438,0.03232146427035332
clip294.mov,685.662353515625,0.04168420284986496
clip295.mov,875.1228637695312,0.07087817043066025
clip296.mov,844.139892578125,0.04352065920829773
clip297.mov,537.0091552734375,0.04266085848212242
clip298.mov,524.1409912109375,0.060625843703746796
clip299.mov,423.26898193359375,0.06556104123592377
clip300.mov,317.53985595703125,0.07053258270025253
clip301.mov,451.60003662109375,0.041581131517887115
clip302.mov,635.1317138671875,0.006106745917350054
clip303.mov,664.0571899414062,0.004633900243788958
clip304.mov,661.2869262695312,0.004495339468121529
clip305.mov,661.8840942382812,0.006006860639899969
clip306.mov,798.6361083984375,0.017122069373726845
clip307.mov,1696.955078125,0.029361678287386894
clip308.mov,748.1385498046875,0.028946764767169952
clip309.mov,862.1686401367188,0.02774798683822155
clip310.mov,754.8856201171875,0.024199020117521286
clip311.mov,837.9304809570312,0.027674062177538872
clip312.mov,815.620361328125,0.02081841602921486
clip313.mov,705.6380004882812,0.008039737120270729
clip314.mov,655.5874633789062,0.022692883387207985
clip315.mov,848.4683837890625,0.031936004757881165
clip316.mov,901.6808471679688,0.029286006465554237
clip317.mov,583.76904296875,0.02863192744553089
clip318.mov,582.2139282226562,0.02008632756769657
clip319.mov,262.78924560546875,0.01245013065636158
clip320.mov,570.5240478515625,0.02152763120830059
clip321.mov,552.1436767578125,0.04405146464705467
clip322.mov,879.529052734375,0.027161093428730965
clip323.mov,822.8062744140625,0.01118709146976471
clip324.mov,790.6773681640625,0.004613412544131279
clip325.mov,685.582275390625,0.004753771238029003
clip326.mov,492.45941162109375,0.0019077648175880313
clip327.mov,645.1543579101562,0.03463286533951759
clip328.mov,268.66070556640625,0.0006412116345018148
clip329.mov,289.0916442871094,0.00043157796608284116
clip330.mov,274.5807189941406,0.00042522832518443465
clip331.mov,283.1365051269531,0.0046811094507575035
clip332.mov,415.4804992675781,0.0001349734520772472
clip333.mov,437.53057861328125,7.95745654613711e-05
clip334.mov,307.81109619140625,6.463193130912259e-05
clip335.mov,287.1021423339844,6.503223994513974e-05
clip336.mov,338.16558837890625,7.848334644222632e-05
clip337.mov,466.4846496582031,0.003573001828044653
clip338.mov,577.78564453125,0.012010741047561169
clip339.mov,1074.136474609375,0.0032800384797155857
clip340.mov,1082.00830078125,0.003679252928122878
clip341.mov,880.139892578125,0.0065482924692332745
clip342.mov,1180.959228515625,0.019481422379612923
clip343.mov,686.483642578125,0.010590027086436749
clip344.mov,938.431396484375,0.006592237390577793
clip345.mov,496.32110595703125,0.014255035668611526
clip346.mov,754.3818359375,0.011581401340663433
clip347.mov,817.582275390625,0.017553670331835747
clip348.mov,660.154296875,0.019187619909644127
clip349.mov,535.5418701171875,0.011192496865987778
clip350.mov,556.6307373046875,0.026663923636078835
clip351.mov,596.0846557617188,0.008026872761547565
clip352.mov,740.388671875,0.0012380669359117746
clip353.mov,641.4224853515625,0.0006626631366088986
clip354.mov,648.6290893554688,0.0005824563559144735
clip355.mov,567.7357177734375,0.0015634795418009162
clip356.mov,748.8912963867188,0.0038884792011231184
clip357.mov,522.6553344726562,0.008976452983915806
clip358.mov,587.2521362304688,0.016935570165514946
clip359.mov,550.4664916992188,0.010368801653385162
clip360.mov,528.707763671875,0.01283221784979105
clip361.mov,528.312255859375,0.00696734432131052
clip362.mov,1108.1968994140625,0.011549022980034351
clip363.mov,1009.0858764648438,0.014541982673108578
clip364.mov,196.92294311523438,0.006314754951745272
clip365.mov,1361.727783203125,0.022270889952778816
clip366.mov,679.249267578125,0.024210255593061447
clip367.mov,573.1983032226562,0.03394763916730881
clip368.mov,596.32470703125,0.04291893169283867
clip369.mov,1026.8592529296875,0.04293288290500641
clip370.mov,458.91461181640625,0.022149382159113884
clip371.mov,384.1634216308594,0.011379926465451717
clip372.mov,463.7602233886719,0.01676662266254425
clip373.mov,394.06964111328125,0.016802582889795303
clip374.mov,858.0665893554688,0.03748008981347084
clip375.mov,603.9849243164062,0.04800888150930405
clip376.mov,635.0802001953125,0.04390228912234306
clip377.mov,407.4400939941406,0.032878875732421875
clip378.mov,483.71148681640625,0.010643458925187588
clip379.mov,511.4483642578125,0.013606826774775982
clip380.mov,286.44219970703125,0.01143490057438612
clip381.mov,537.467041015625,0.025982188060879707
clip382.mov,419.953125,0.030972348526120186
clip383.mov,863.0570068359375,0.03748825192451477
clip384.mov,635.6909790039062,0.04258761554956436
clip385.mov,336.79901123046875,0.03872852399945259
clip386.mov,298.5220947265625,0.03332109376788139
clip387.mov,586.48779296875,0.0013335299445316195
clip388.mov,538.7628173828125,0.0007788942893967032
clip389.mov,438.33160400390625,0.00010270129860145971
