Clip_Filename,Average_H,Average_S,Average_V
clip000.mov,94.27329587583183,202.66457851833763,9.525046183268227
clip001.mov,98.43274603949654,227.11258058901197,12.223042851200809
clip002.mov,96.32285194679547,211.88629136827254,11.982572202329282
clip003.mov,92.07893059624566,160.63602787724247,12.836753720883971
clip004.mov,96.59509148491752,198.18016958731187,14.246498458297161
clip005.mov,98.26251191315829,212.90708364981194,19.70546174225984
clip006.mov,97.80207429108799,207.39762415002897,18.72153856065538
clip007.mov,96.5118337221499,198.33331264919704,16.930754914460362
clip008.mov,98.86377206307868,201.7627349853515,13.493793900101274
clip009.mov,99.48657115794994,208.76139112684461,15.680208491572627
clip010.mov,97.49934959129052,197.256067730939,14.135774603949654
clip011.mov,101.24816137243204,186.62851368091722,20.322256447120946
clip012.mov,101.74199770326966,171.31577776873553,15.900259263780383
clip013.mov,86.89842793782555,193.9404859528718,13.082001772280092
clip014.mov,101.4961665626808,207.35605656376597,20.807039794921874
clip015.mov,97.2993660933883,152.89938745569302,21.629245628074358
clip016.mov,89.83743993688513,190.41463315610534,17.853108814380786
clip017.mov,95.66979826750578,196.28883318865743,17.421281580041956
clip018.mov,93.67933767813224,175.45523659035015,27.645020571108216
clip019.mov,95.61369873046873,192.21206271701394,20.73184197319878
clip020.mov,96.6268885979979,167.3344820294031,23.025381551972515
clip021.mov,97.86062120225695,187.7749373372396,21.01416467737268
clip022.mov,98.14685112847224,203.38274976942265,25.87698099772135
clip023.mov,100.49717278374563,167.3917620171441,31.05869231047453
clip024.mov,98.92490204987705,194.58123291015625,24.09961579499421
clip025.mov,86.78286548755788,172.66164971245658,19.476502730758103
clip026.mov,19.306833111798326,151.40663497359668,21.020928729021993
clip027.mov,18.09070816605179,154.71333516438804,24.097988371672454
clip028.mov,18.6667709463614,148.08282977068862,21.762084554036463
clip029.mov,18.447153207284433,147.67585944281683,22.62901208948206
clip030.mov,18.611984795464416,146.77095280400027,22.11421832049334
clip031.mov,18.95767860695168,145.0935191514757,20.768370587384258
clip032.mov,30.555893916377315,152.9706369357639,19.516833541304976
clip033.mov,35.134492933485255,154.94013567889178,19.656055908203125
clip034.mov,19.540828043619793,194.75571413393376,26.779034129955154
clip035.mov,23.44818834092882,207.7252331995081,10.956879453305843
clip036.mov,28.20536928530093,194.77399674027052,15.718114397967303
clip037.mov,28.7949861879702,195.63440047652645,16.04611475061487
clip038.mov,28.321376727068866,195.99936182092736,15.855862856264471
clip039.mov,27.911534265588838,197.2655460385923,16.19554285120081
clip040.mov,27.769666951497396,198.41112555609809,16.142289677372688
clip041.mov,24.86545972314568,204.4979634862589,17.60106279089096
clip042.mov,29.60117485894097,235.0181986264829,14.55388624403212
clip043.mov,30.111823278356493,241.69815599229602,13.660723831741898
clip044.mov,28.2935199878834,240.82880707917388,14.265531593605326
clip045.mov,24.6531029595269,210.17238891601562,18.199795351381656
clip046.mov,20.826995623553245,163.0169088632089,25.50206965693722
clip047.mov,19.932575660988142,167.16973999023435,27.148062043366604
clip048.mov,17.42460747612847,179.72134261519818,32.33649884259258
clip049.mov,22.373454295970774,176.71852674696183,28.176161182544845
clip050.mov,25.722752640335646,180.19549268934463,21.75836301450376
clip051.mov,33.10201006854022,189.1670993607133,17.773475726092304
clip052.mov,41.06267593948929,194.1043467203776,18.079802381727422
clip053.mov,31.638866916232644,193.89845117639615,22.791168619791666
clip054.mov,33.01061315465857,191.1653481942636,25.088830521195025
clip055.mov,25.70112677680122,189.05148916739006,29.42692217791522
clip056.mov,27.453752011899596,189.43332377115883,25.94165581597223
clip057.mov,27.308663827401613,187.28526606807006,33.890869004991316
clip058.mov,25.457481847692417,188.90807047526042,34.170071049443
clip059.mov,27.851915531864872,191.77969545717596,28.40475002712674
clip060.mov,37.369021131727436,187.31764078776044,23.277563521773725
clip061.mov,30.788437206127032,187.79402174207902,22.331450511791086
clip062.mov,21.550200414635054,195.13905499686015,25.03752989712618
clip063.mov,24.489760493525754,205.20943513093175,21.961321049442997
clip064.mov,24.71847204137731,209.91112863046158,24.26899768970631
clip065.mov,26.11935117368344,198.8021782543041,26.129644074616603
clip066.mov,23.89601320619936,222.26445884422017,21.676558611834484
clip067.mov,26.175336348922162,182.79267582646128,21.409521574797456
clip068.mov,33.16787283438223,173.6138285997179,19.125270996093747
clip069.mov,26.64368365252459,207.4258469645182,22.56661618833189
clip070.mov,23.211914921513312,213.25316797327125,21.957997391312215
clip071.mov,38.09803245261863,115.91604553222659,39.46145699960214
clip072.mov,68.94742379647714,64.79388240107784,88.15616945619938
clip073.mov,74.86818280255353,83.0519908537688,95.86489167390044
clip074.mov,99.03588349518952,109.78764503761572,114.57538465711802
clip075.mov,99.23026873553242,111.09483339662906,106.82182110821755
clip076.mov,98.88328852900757,103.16453224464698,98.11292557327839
clip077.mov,97.88107514558017,108.31617234971792,104.31229383680557
clip078.mov,98.8327466950593,109.44080916793256,105.58814945927371
clip079.mov,97.5965417932581,109.53097274215129,89.12858066134983
clip080.mov,98.11568164966722,108.38259458188656,92.72839197229455
clip081.mov,92.68052194100841,89.48371193214699,90.83594859935619
clip082.mov,94.96369208441843,89.12497214988427,101.23593001754195
clip083.mov,98.56389722314569,98.02706992002808,122.99147844174786
clip084.mov,98.58243819625288,97.2695014105903,130.30290192780672
clip085.mov,98.65830679434316,109.4685079164858,113.02231476960361
clip086.mov,98.51397917570893,99.64658284505207,125.24142397280097
clip087.mov,99.15360150372544,100.55290210865162,124.5187321189598
clip088.mov,98.08715666594328,121.83424447518804,85.65692206488715
clip089.mov,99.17222828052665,137.5218957519531,83.21988188566985
clip090.mov,98.24392731843172,108.41937255859374,102.49621233904803
clip091.mov,99.12210964626733,87.5066293447989,152.07920561613858
clip092.mov,97.83553674768518,105.15913169578268,103.71555126048901
clip093.mov,98.07811955204716,111.72340261953845,99.65277183250146
clip094.mov,97.592159604673,121.78258289478443,74.217989976671
clip095.mov,97.70431706181279,124.71377332899306,53.04739128960503
clip096.mov,96.18037789803964,135.92810791015623,60.690847529658576
clip097.mov,98.03447240758821,124.81938634801794,70.3906143301505
clip098.mov,96.86798371491604,114.3879743335865,71.84752619990597
clip099.mov,66.68482957628036,94.1220123743128,23.591133196795425
clip100.mov,54.8366738100405,109.44749778464988,25.7649616156684
clip101.mov,19.342780671296296,176.99210964626732,29.45653474030672
clip102.mov,43.722597113715274,153.2480274567781,22.883514585141782
clip103.mov,83.3456459101924,150.22424357096358,29.48289184570312
clip104.mov,81.49108331486407,121.95429548980493,21.661782722924055
clip105.mov,77.40118808322482,99.61441055862991,14.707688666449654
clip106.mov,73.31250350387009,96.9963235586661,15.531726955837671
clip107.mov,72.70864384403934,96.67668009440104,15.509264729817703
clip108.mov,74.18362216525608,93.22304366500292,32.92412615740741
clip109.mov,77.82734209979023,89.80628087926793,41.98499525282117
clip110.mov,84.21148310908565,85.84911266185618,46.99593433521411
clip111.mov,89.31101356788918,92.26544153284145,50.97094670048466
clip112.mov,55.63956651475693,118.70833923339849,38.60356149178965
clip113.mov,35.424016881872106,117.41778030960648,33.36187050148292
clip114.mov,57.90728138111256,144.6937931089048,35.11530248571326
clip115.mov,98.97250897442858,193.07025600857204,30.66061297381366
clip116.mov,73.4320721435547,178.5024941225405,25.27505307798032
clip117.mov,46.036303123191544,143.5209825981988,19.95559398509838
clip118.mov,31.30780047381366,120.61500054253473,20.053496884946465
clip119.mov,80.93823929398151,177.1922419569228,39.60283695927371
clip120.mov,50.38868306477863,124.16554441098815,18.85280877007379
clip121.mov,47.49898952907986,146.666320642542,22.21501880787037
clip122.mov,46.13599650065104,141.261586416739,18.623778550889757
clip123.mov,29.00959694191262,165.9979900444878,18.392357087311918
clip124.mov,41.96689168294271,85.56325263129342,19.143763269495082
clip125.mov,33.13147423998965,121.30190425070181,19.703767314937938
clip126.mov,30.21617598922164,142.34892184787324,22.822425830982343
clip127.mov,34.28312454788773,144.50774298773874,23.93353190104166
clip128.mov,66.69900677716291,156.59363378454137,32.26525191695601
clip129.mov,88.51692310474539,122.6958135986328,18.514492074471935
clip130.mov,81.0721199770327,122.0357264992043,22.9896789098669
clip131.mov,70.5569108977141,129.90313707139754,19.22462651005497
clip132.mov,70.4338410554109,161.34248688874425,14.419010552300348
clip133.mov,55.748845486111115,159.43994059244793,11.961796988028068
clip134.mov,52.08168983742044,157.3128081823278,14.206316641348375
clip135.mov,55.96391436541523,164.4005997495298,13.938329399956595
clip136.mov,40.47423970540364,152.76973160355178,21.518639481155958
clip137.mov,39.970560664424205,160.79997434262876,21.06311277036313
clip138.mov,44.95820482042101,155.41816309045865,16.697625257703987
clip139.mov,74.28875773111979,145.66464515968605,19.983613394278066
clip140.mov,83.12650356716578,152.38040455005788,20.16030065465856
clip141.mov,74.93426961263019,164.70331506799764,15.954698870623552
clip142.mov,71.37135154441552,154.8537967710142,13.037289971245658
clip143.mov,78.84088772243923,164.80618204752605,16.75274857132523
clip144.mov,64.26713629828559,152.9873321985316,13.21702846950955
clip145.mov,42.22137298223256,145.72189861757533,26.71844341016548
clip146.mov,62.2943484157986,135.57220153808598,20.744878427010992
clip147.mov,71.65168273925781,129.47090876826536,23.371935266565398
clip148.mov,73.60550236454718,166.8622921639902,16.863581384729454
clip149.mov,74.10512776692711,126.47208907515915,19.051609384042248
clip150.mov,70.22109316225405,160.28442764847367,19.611632441767938
clip151.mov,60.72897650824654,132.28555636935758,28.528412113896124
clip152.mov,63.24892853913482,163.28434934262881,19.250273121021408
clip153.mov,63.179608651620356,156.2942586489077,19.603718080873836
clip154.mov,62.45587938096788,144.78135819046588,19.309687115704577
clip155.mov,52.476903483072924,130.97671920211226,13.515314670138885
clip156.mov,56.05936948423031,160.82136598940252,11.565018559208623
clip157.mov,55.564820873119196,146.73750110767503,19.618289342809607
clip158.mov,59.97129561812789,140.0405136447483,23.763084422923896
clip159.mov,42.22117058648004,132.23742619267216,14.29044781720197
clip160.mov,61.74005714699072,131.8448889160156,20.97502045808015
clip161.mov,47.08755748607495,130.66425202546296,21.80028234411169
clip162.mov,38.26882884837962,147.0152942346644,18.57472812228733
clip163.mov,37.56844545717593,152.03439193160446,17.828794080946185
clip164.mov,64.17156751844618,154.72220678258827,15.65621697319879
clip165.mov,35.292005999529785,162.2099290861906,17.790964604130494
clip166.mov,35.45628012799202,138.7359589243499,17.13789685837766
clip167.mov,20.343380262586802,160.60379824037906,33.9543211308232
clip168.mov,23.93336823640047,149.64619784884982,30.65705851236979
clip169.mov,32.487251586914056,147.77116186071325,20.766215820312503
clip170.mov,54.369149169921876,136.87691173412185,19.644210340711812
clip171.mov,37.76831106680411,158.71099466959632,16.939471955475984
clip172.mov,47.40052838360821,143.45936665852864,18.354434995298032
clip173.mov,55.66866305881076,131.64239113136574,19.37816842538339
clip174.mov,18.51415895815249,166.17536189326535,25.520887609411172
clip175.mov,19.791093388310184,165.16949677643953,22.803976056134257
clip176.mov,22.76617135507089,164.5493444824219,20.241322473596643
clip177.mov,26.419955760814528,158.54105685763892,29.46893055103442
clip178.mov,25.437946144386583,159.11572697392214,20.994655241789633
clip179.mov,21.803027569806133,157.08555980541087,18.583079494900176
clip180.mov,18.93467316804109,162.41943038375294,20.99863351327402
clip181.mov,39.57894800256799,137.76469731083623,18.844081240053534
clip182.mov,49.10699544270833,127.2270068133319,19.53753063060619
clip183.mov,49.93297555428965,131.76589296694155,17.782734465422454
clip184.mov,54.366369967990465,142.3111588767723,14.25141927083333
clip185.mov,56.40111784758392,138.5431655770761,14.329344934534143
clip186.mov,53.49349109790942,139.11989140263316,15.329125795717593
clip187.mov,48.84153442671395,143.66937813977543,16.854418702903374
clip188.mov,46.24205170808013,146.64037070945457,18.6077096218533
clip189.mov,50.44733025444879,136.61329119646987,17.780479442455153
clip190.mov,48.35418542932582,143.27099310980904,17.79486909089265
clip191.mov,48.21035255714702,146.0062619583695,17.095722588433155
clip192.mov,48.0563207103588,144.9108973298249,17.957792335792824
clip193.mov,52.26408381709345,142.5123704020182,19.25790839301215
clip194.mov,38.22277160644531,158.11201743797022,27.599889526367182
clip195.mov,28.096806595413767,166.2884271014178,34.03995275426795
clip196.mov,26.16050030743634,164.2406769024884,37.72528776945891
clip197.mov,22.795267718279806,164.57422304506656,41.951369018554686
clip198.mov,24.29686923556857,157.3214763274016,40.91494850441262
clip199.mov,23.08697848849827,153.48457643862122,41.16603416160301
clip200.mov,20.969585887767654,149.89635299117478,42.411106974283854
clip201.mov,78.07478951913338,143.08080326786748,27.64310250741464
clip202.mov,96.74429870605469,159.17910169813365,37.87322833025896
clip203.mov,93.3118273473669,89.97460605197482,79.86729092068146
clip204.mov,92.28178871437358,82.67497755262586,65.27625906485098
clip205.mov,93.92046418366611,72.66728942871094,93.98362905996818
clip206.mov,93.71909936975551,112.82465001989294,60.96971128110534
clip207.mov,80.96305573640048,140.45855330855758,36.26549725567852
clip208.mov,95.1620815325798,154.33630413803928,35.62121502382536
clip209.mov,94.98177978515623,160.56579047309032,39.31300573278356
clip210.mov,98.16663361725983,175.40075100368918,32.661457700376154
clip211.mov,98.22242124204284,162.31292952926066,45.139596128110526
clip212.mov,99.86899787055121,187.516050302011,35.64089298954716
clip213.mov,99.43112415455009,199.87377294469772,29.410976381655093
clip214.mov,99.52234194155095,154.62680614330154,63.531279161241315
clip215.mov,100.07104404025608,172.1490592447917,41.653624719690406
clip216.mov,98.65176683213974,177.50475979275174,39.20708681459781
clip217.mov,99.13105875651043,178.09097728587963,43.73937759964554
clip218.mov,99.18381071867765,174.35932818377455,39.413382093641495
clip219.mov,92.01281905562792,169.5450949435764,39.648054131401906
clip220.mov,98.05858109085649,177.7438016538267,43.34321465386284
clip221.mov,98.3506696234809,166.89416440610523,50.96719091344763
clip222.mov,97.55822281448933,194.03820748788328,46.40653828938802
clip223.mov,97.00423342104312,169.9325407127098,46.132404807761866
clip224.mov,98.27050150553386,179.1946348967376,56.89098020200376
clip225.mov,98.24539779097948,178.24242296006946,46.471292837637435
clip226.mov,98.39720725730615,175.27024468315975,42.21884740758826
clip227.mov,97.06489734790942,182.24928159360533,39.301874276620374
clip228.mov,95.85941553186485,192.71837153682,32.08960259331597
clip229.mov,99.20005898622195,176.00235515477246,36.723826093380616
clip230.mov,98.73448848017934,178.94021730776186,42.578960006148726
clip231.mov,98.63591738100403,184.93117311830875,39.96200805664063
clip232.mov,96.69555530689377,178.15420823838977,38.425621903030965
clip233.mov,97.88295706289786,179.1270118317781,40.10279287832754
clip234.mov,98.90948522497109,180.351368295175,40.9113365568938
clip235.mov,97.39594249584059,177.87422236689815,39.723862101236975
clip236.mov,99.7771489348235,175.44540866427948,49.37809362340857
clip237.mov,98.92447227195457,179.8858647099247,39.75847868742767
clip238.mov,98.74759752061631,181.07347545482492,39.86337922272858
clip239.mov,99.24650937680849,174.61016142668544,52.86034977665653
clip240.mov,99.17368695294414,173.14471607349535,55.371659975405095
clip241.mov,99.10824892397277,171.72748869719328,54.68147092466
clip242.mov,98.62693537959348,172.5109596082899,50.9579901575159
clip243.mov,92.11561279296875,184.7169453034578,37.152259069372114
clip244.mov,94.68427257396559,173.00147153501158,45.69553188747829
clip245.mov,84.62909823947484,149.87254297327112,40.59005827727142
clip246.mov,18.302710073965567,182.97936806007672,77.31663922345199
clip247.mov,16.222846679687496,190.97132075557002,89.02687224211515
clip248.mov,14.251533022280087,213.22221785933888,78.6955611843533
clip249.mov,13.93796816225405,218.39060824924036,71.81487858525027
clip250.mov,14.584473972185286,204.86458215591753,84.59717958130173
clip251.mov,14.481696302625872,203.4595384385851,83.83186794704862
clip252.mov,15.235540387188948,204.97648432978875,79.71550953052662
clip253.mov,16.012512455692992,211.27197670265477,70.17846550835505
clip254.mov,11.485432219328702,228.01158510561342,74.88917344835069
clip255.mov,14.803426852756074,206.11552121762875,69.89728199146411
clip256.mov,16.334140805844907,199.46632023564095,72.14756033438225
clip257.mov,14.390304361979167,212.01990532769096,77.9412957763672
clip258.mov,11.612904866536455,232.47156645598236,69.86910667136863
clip259.mov,15.720608362268521,216.99676387080441,69.0827528889974
clip260.mov,13.280267740885419,229.39333084671588,79.70584648980034
clip261.mov,20.045433824327255,209.98714425546154,77.46544571487993
clip262.mov,18.59551463939525,213.73778376826542,76.86389506022135
clip263.mov,15.111103063512724,214.4545648419415,74.19643832736544
clip264.mov,13.168830408166954,218.47914232042103,72.1538569019459
clip265.mov,16.31315945095486,214.53940813982925,65.47498229980467
clip266.mov,14.254665956850403,224.82930044668694,65.62308173285591
clip267.mov,13.271493507667826,228.47808862756804,65.75452006022135
clip268.mov,13.74721110026042,224.45530711986396,66.3285390444155
clip269.mov,14.314920111762154,218.17315637659138,67.96183507848669
clip270.mov,17.86282373498987,205.1000319191262,65.13988880298756
clip271.mov,16.39109091035018,209.98582649970447,65.3285475075724
clip272.mov,16.17885965983073,209.1534847005208,67.70907434534142
clip273.mov,16.366787222403072,211.21395844636143,65.87436521176937
clip274.mov,13.607547516999423,221.9320014105903,60.37374348958335
clip275.mov,15.051503951461228,219.08782432273577,61.293619791666664
clip276.mov,17.55362634729456,193.21685501663777,72.93635149920428
clip277.mov,14.714187056929973,206.61145164207178,65.73431925455729
clip278.mov,18.32591896339699,183.5327534541377,84.99254220468025
clip279.mov,14.97606366192853,208.22091322157118,72.46024126971214
clip280.mov,18.027034776475695,192.88386702926076,73.78413126627602
clip281.mov,14.935938404224538,210.67900571469897,81.44376390245226
clip282.mov,16.720481431749132,201.903062020761,85.50548276548032
clip283.mov,17.153488340024598,212.9197478343822,68.44603705512152
clip284.mov,19.697348768446176,199.96047006112562,64.33792041919847
clip285.mov,13.706761565031831,228.92166013364442,55.87894605848523
clip286.mov,15.798999385127315,224.14468327275026,66.84987257215711
clip287.mov,21.644695954499422,202.45932931405528,54.017760054976854
clip288.mov,23.658933354130497,188.32310300473816,57.07999554669413
clip289.mov,22.826032533998838,131.60749254014755,70.38025060583045
clip290.mov,14.271227258752893,209.644360441985,52.785544230143245
clip291.mov,24.035425139442975,174.1852452026079,64.36636383994535
clip292.mov,19.11418615270544,184.21595551667392,69.46193533438223
clip293.mov,17.10581594961661,208.13582275390627,60.54217655888309
clip294.mov,22.09462583188657,190.63329935709635,61.52559176974828
clip295.mov,38.26896192762587,132.31392218695754,76.98992657696759
clip296.mov,52.3975729031033,130.00133246527778,79.85737487792969
clip297.mov,37.11823212800203,172.6888910364222,87.9115845856843
clip298.mov,56.05030268916378,121.23368225097659,110.4503599491826
clip299.mov,14.478617666739,164.28583059805405,63.66838864926937
clip300.mov,18.275824426721645,153.46629891854744,67.66119353117769
clip301.mov,40.35549700701678,121.16649115668405,97.87173075358072
clip302.mov,31.055981467918116,123.75581029821326,47.17434346516928
clip303.mov,34.52044135199653,133.09246758355036,42.047313729745355
clip304.mov,30.378615202727143,121.4018355984158,45.22681423611112
clip305.mov,34.774878042715564,106.76398419415507,65.16929423014324
clip306.mov,40.24084771050347,107.19960548683444,76.92917017053675
clip307.mov,52.0793849464699,98.71528889973958,91.40533558033133
clip308.mov,29.557443689416957,102.24428001121238,72.86305257161459
clip309.mov,44.13451669198494,75.86822439688221,83.26873012966583
clip310.mov,27.026077021846064,101.16250666865595,72.52525600857206
clip311.mov,47.88306694878472,94.62821705005787,80.13556563765914
clip312.mov,46.25986556682182,138.80631895962617,37.14770512429817
clip313.mov,26.974894409179694,137.72875142415361,41.980974369755494
clip314.mov,20.46648238570602,132.79612419976124,53.775726137514475
clip315.mov,23.410112779405384,130.5886907958985,45.59646970395689
clip316.mov,26.52150467484086,115.56688939977573,57.96630246762876
clip317.mov,42.033499936704295,97.26740372269244,72.15785743995947
clip318.mov,43.22906367549189,91.63210555465132,77.64771855107058
clip319.mov,28.527085548683456,120.6302447735822,51.314148310908564
clip320.mov,21.278901050708914,126.61804181134261,52.31293622052228
clip321.mov,28.400553950557,110.76621030454284,67.55589968080874
clip322.mov,23.378797856083622,135.03026371708623,44.892588817455156
clip323.mov,31.637882238317417,122.37442376030816,49.064360215928815
clip324.mov,21.84473653157551,130.45268541124133,45.787235310872404
clip325.mov,26.21253295898437,129.28348065411603,48.96211091218171
clip326.mov,32.71217411747684,121.79530212402342,37.81370842827692
clip327.mov,22.8497960973669,116.6839766438802,46.22948307743777
clip328.mov,15.387065474898726,183.01318730107062,10.84317310474537
clip329.mov,22.269364646629047,183.19052725332745,16.372098818178525
clip330.mov,20.26211473253038,188.559002504702,16.64131478768808
clip331.mov,32.30341937029803,162.18835311324509,16.937131053783276
clip332.mov,29.702358285409435,161.32623840332033,16.728731621636282
clip333.mov,31.219418379691195,161.16798620345747,16.373755425347223
clip334.mov,28.93609537760416,163.42276505081736,16.215006239149304
clip335.mov,27.2743618661386,170.078597140842,22.175459436487273
clip336.mov,27.719421816225417,162.41589335123703,16.610622106481483
clip337.mov,27.10520955403645,149.7592363145616,20.094939236111113
clip338.mov,35.784771231192146,151.44317253960503,16.119247052228012
clip339.mov,24.453297390407982,153.22533899377893,18.188687427662035
clip340.mov,24.41574614348234,151.1525401249638,16.35716631854022
clip341.mov,42.94204171639901,159.62629417136864,12.061391104239
clip342.mov,32.22617847583912,160.6636899820964,16.366286779333045
clip343.mov,30.933216032805262,173.3382171404804,17.05940960919416
clip344.mov,34.4782736771195,176.18244339554397,16.134945543077254
clip345.mov,39.32551086425781,168.58883924696178,13.792186934859664
clip346.mov,20.1312646484375,176.18504096137156,16.74287039297598
clip347.mov,25.143256519458912,163.98890624999999,15.259172837999133
clip348.mov,46.146465386284724,183.92836353443286,12.992131641529225
clip349.mov,41.51019474735967,172.75605077672887,13.936375257703993
clip350.mov,36.34816180193866,157.73324738679108,12.293139354564525
clip351.mov,30.073928335684325,176.50259069372112,14.079799262152777
clip352.mov,29.698358493381082,146.59839274088543,19.018840625904236
clip353.mov,25.101185777452255,155.29050091778788,21.331012663664644
clip354.mov,25.723703503619966,157.46318086953315,21.45394840610225
clip355.mov,27.43383782280817,157.36216028284142,19.600111106589985
clip356.mov,71.02140229401765,79.22748044614438,48.649256727430554
clip357.mov,87.37877039026331,80.95353047688803,45.409131514937805
clip358.mov,87.07917220504193,81.22094801161028,45.10087060998987
clip359.mov,86.0137444616247,79.5612136727792,70.76042855721933
clip360.mov,84.17183876320169,54.79005495424625,98.22782348632813
clip361.mov,84.20724455656828,66.13826716670286,57.57726365831159
clip362.mov,85.86157287597659,71.26597283257381,60.38854591652202
clip363.mov,87.64510249385127,81.0443992558232,66.39901995623552
clip364.mov,83.01662889268663,70.6639395706742,76.26777054398146
clip365.mov,87.38811631944442,70.54059818974248,73.83549542462383
clip366.mov,83.9853352186415,68.04069907859518,71.5914038764106
clip367.mov,83.24393731011284,74.34909073441119,73.5798422354239
clip368.mov,79.60953769259983,68.4714254647714,77.8488230839482
clip369.mov,84.12840117277922,53.34012460214121,120.53536469636141
clip370.mov,63.6451478633174,50.35458288122104,82.36264926486545
clip371.mov,76.19167143645109,71.13809280960648,56.84692473234953
clip372.mov,81.20124507197626,59.97600371184171,70.6381635651765
clip373.mov,67.74027947319877,73.7200279405382,53.680129869249136
clip374.mov,73.02876123498984,71.3935244185836,58.690202410662614
clip375.mov,66.39304456634162,73.64547692265072,49.89839873762559
clip376.mov,67.64675892017505,77.26892652723525,49.500203405309605
clip377.mov,66.5602791341146,80.84267159921153,42.87128128616899
clip378.mov,67.87270458080152,89.06887091742622,35.758251614040795
clip379.mov,76.26069530345771,73.00625750506364,49.3890567807798
clip380.mov,82.35636311848957,79.37497585720486,44.000195267288774
clip381.mov,65.41927216706453,78.62151731137877,35.60056495949075
clip382.mov,66.33556125217014,85.67019323278357,26.904738769531253
clip383.mov,74.69990616409866,61.69317828143084,98.20195852774161
clip384.mov,72.68076972113715,64.49141850224247,74.49914406105323
clip385.mov,64.94687303331163,60.623794171368644,72.78206414116754
clip386.mov,78.69713729293257,68.9965247938368,55.807173190646715
clip387.mov,83.15520623101129,64.5437550636574,124.50755545156976
clip388.mov,83.12249351218895,73.46334529170285,61.2639141619647
clip389.mov,72.93937656732254,72.17488028067129,29.391597825038577
