,presence/absence of delayed_scene_cuts
0,0.0
1,-0.00039241747655697037
2,-0.0052329274971404495
3,-0.013597088557510356
4,-0.019857408239375575
5,-0.02276387786501189
6,-0.023481298353543574
7,-0.02312696252312131
8,-0.022395177243019836
9,-0.021679964322422307
10,-0.021150797345408485
11,-0.020824961915023834
12,-0.020650845698214768
13,-0.020567986976263185
14,-0.020532217176485276
15,-0.020518010148313046
16,-0.020512820512820513
17,-0.020512820512820513
18,-0.020512820512820513
19,-0.020512820512820513
20,-0.020512820512820513
21,-0.020512820512820513
22,-0.020512820512820513
23,-0.020512820512820513
24,-0.020512820512820513
25,-0.020512820512820513
26,-0.020512820512820513
27,-0.020512820512820513
28,-0.020512820512820513
29,-0.0013824685306682103
30,0.21546204299062405
31,0.38724003118021255
32,0.28467776397810884
33,0.12117757373694982
34,0.014461428303098895
35,-0.03778669224590585
36,-0.05618735291776739
37,-0.055379450391950344
38,-0.046309710642244206
39,-0.03639729774407231
40,-0.029000986082262554
41,-0.0245521832079603
42,-0.022256598251993463
43,-0.021205413136216728
44,-0.020765815243081596
45,-0.02051282051282055
46,-0.02051282051282055
47,-0.02051282051282055
48,-0.02051282051282055
49,-0.02051282051282055
50,-0.02051282051282055
51,-0.02051282051282055
52,-0.02051282051282055
53,-0.02051282051282055
54,-0.02051282051282055
55,-0.02051282051282055
56,-0.02051282051282055
57,-0.02051282051282055
58,-0.02051282051282055
59,-0.02051282051282055
60,-0.02051282051282055
61,-0.02051282051282055
62,-0.02051282051282055
63,-0.02051282051282055
64,-0.02051282051282055
65,-0.02051282051282055
66,-0.02051282051282055
67,-0.02051282051282055
68,-0.02051282051282055
69,-0.02051282051282055
70,-0.02051282051282055
71,-0.02051282051282055
72,-0.02051282051282055
73,-0.02051282051282055
74,-0.0013824685306682483
75,0.21546204299062405
76,0.38724003118021255
77,0.28467776397810884
78,0.12117757373694983
79,0.014461428303098902
80,-0.037786692245905834
81,-0.056187352917767386
82,-0.055379450391950344
83,-0.046309710642244206
84,-0.03639729774407231
85,-0.029000986082262554
86,-0.0245521832079603
87,-0.022256598251993463
88,-0.021205413136216728
89,-0.020765815243081596
90,-0.02051282051282055
91,-0.02051282051282055
92,-0.02051282051282055
93,-0.02051282051282055
94,-0.02051282051282055
95,-0.02051282051282055
96,-0.02051282051282055
97,-0.02051282051282055
98,-0.02051282051282055
99,-0.02051282051282055
100,-0.02051282051282055
101,-0.02051282051282055
102,-0.0013824685306682483
103,0.21546204299062405
104,0.38724003118021255
105,0.28467776397810884
106,0.12117757373694983
107,0.014461428303098902
108,-0.037786692245905834
109,-0.056187352917767386
110,-0.055379450391950344
111,-0.046309710642244206
112,-0.03639729774407231
113,-0.029000986082262554
114,-0.0245521832079603
115,-0.022256598251993463
116,-0.021205413136216728
117,-0.020765815243081596
118,-0.02051282051282055
119,-0.02051282051282055
120,-0.02051282051282055
121,-0.02051282051282055
122,-0.02051282051282055
123,-0.02051282051282055
124,-0.02051282051282055
125,-0.02051282051282055
126,-0.02051282051282055
127,-0.02051282051282055
128,-0.02051282051282055
129,-0.02051282051282055
130,-0.02051282051282055
131,-0.02051282051282055
132,-0.02051282051282055
133,-0.02051282051282055
134,-0.02051282051282055
135,-0.02051282051282055
136,-0.02051282051282055
137,-0.02051282051282055
138,-0.02051282051282055
139,-0.02051282051282055
140,-0.02051282051282055
141,-0.02051282051282055
142,-0.02051282051282055
143,-0.02051282051282055
144,-0.02051282051282055
145,-0.02051282051282055
146,-0.02051282051282055
147,-0.02051282051282055
148,-0.02051282051282055
149,-0.02051282051282055
150,-0.02051282051282055
151,-0.02051282051282055
152,-0.02051282051282055
153,-0.02051282051282055
154,-0.02051282051282055
155,-0.02051282051282055
156,-0.02051282051282055
157,-0.02051282051282055
158,-0.02051282051282055
159,-0.02051282051282055
160,-0.02051282051282055
161,-0.02051282051282055
162,-0.02051282051282055
163,-0.02051282051282055
164,-0.02051282051282055
165,-0.02051282051282055
166,-0.02051282051282055
167,-0.02051282051282055
168,-0.02051282051282055
169,-0.02051282051282055
170,-0.02051282051282055
171,-0.02051282051282055
172,-0.02051282051282055
173,-0.02051282051282055
174,-0.02051282051282055
175,-0.02051282051282055
176,-0.02051282051282055
177,-0.02051282051282055
178,-0.02051282051282055
179,-0.02051282051282055
180,-0.02051282051282055
181,-0.02051282051282055
182,-0.02051282051282055
183,-0.02051282051282055
184,-0.02051282051282055
185,-0.02051282051282055
186,-0.02051282051282055
187,-0.02051282051282055
188,-0.02051282051282055
189,-0.02051282051282055
190,-0.02051282051282055
191,-0.02051282051282055
192,-0.02051282051282055
193,-0.02051282051282055
194,-0.02051282051282055
195,-0.02051282051282055
196,-0.02051282051282055
197,-0.02051282051282055
198,-0.02051282051282055
199,-0.02051282051282055
200,-0.02051282051282055
201,-0.02051282051282055
202,-0.02051282051282055
203,-0.0013824685306682485
204,0.21546204299062405
205,0.38724003118021255
206,0.28467776397810884
207,0.12117757373694983
208,0.014461428303098902
209,-0.037786692245905834
210,-0.056187352917767386
211,-0.055379450391950344
212,-0.046309710642244206
213,-0.03639729774407231
214,-0.029000986082262554
215,-0.0245521832079603
216,-0.022256598251993463
217,-0.021205413136216728
218,-0.020765815243081596
219,-0.02051282051282055
220,-0.02051282051282055
221,-0.02051282051282055
222,-0.02051282051282055
223,-0.02051282051282055
224,-0.02051282051282055
225,-0.02051282051282055
226,-0.02051282051282055
227,-0.02051282051282055
228,-0.02051282051282055
229,-0.02051282051282055
230,-0.02051282051282055
231,-0.02051282051282055
232,-0.02051282051282055
233,-0.02051282051282055
234,-0.02051282051282055
235,-0.02051282051282055
236,-0.02051282051282055
237,-0.02051282051282055
238,-0.02051282051282055
239,-0.02051282051282055
240,-0.02051282051282055
241,-0.02051282051282055
242,-0.02051282051282055
243,-0.02051282051282055
244,-0.02051282051282055
245,-0.02051282051282055
246,-0.02051282051282055
247,-0.02051282051282055
248,-0.0013824685306682485
249,0.21546204299062405
250,0.38724003118021255
251,0.28467776397810884
252,0.12117757373694983
253,0.014461428303098902
254,-0.037786692245905834
255,-0.056187352917767386
256,-0.055379450391950344
257,-0.046309710642244206
258,-0.03639729774407231
259,-0.029000986082262554
260,-0.0245521832079603
261,-0.022256598251993463
262,-0.021205413136216728
263,-0.020765815243081596
264,-0.02051282051282055
265,-0.02051282051282055
266,-0.02051282051282055
267,-0.02051282051282055
268,-0.02051282051282055
269,-0.02051282051282055
270,-0.02051282051282055
271,-0.02051282051282055
272,-0.02051282051282055
273,-0.02051282051282055
274,-0.02051282051282055
275,-0.02051282051282055
276,-0.02051282051282055
277,-0.02051282051282055
278,-0.02051282051282055
279,-0.02051282051282055
280,-0.02051282051282055
281,-0.02051282051282055
282,-0.02051282051282055
283,-0.02051282051282055
284,-0.02051282051282055
285,-0.02051282051282055
286,-0.02051282051282055
287,-0.02051282051282055
288,-0.02051282051282055
289,-0.02051282051282055
290,-0.02051282051282055
291,-0.02051282051282055
292,-0.02051282051282055
293,-0.02051282051282055
294,-0.02051282051282055
295,-0.02051282051282055
296,-0.02051282051282055
297,-0.02051282051282055
298,-0.02051282051282055
299,-0.02051282051282055
300,-0.02051282051282055
301,-0.02051282051282055
302,-0.02051282051282055
303,-0.02051282051282055
304,-0.02051282051282055
305,-0.0013824685306682485
306,0.21546204299062405
307,0.38724003118021255
308,0.28467776397810884
309,0.12117757373694983
310,0.014461428303098902
311,-0.037786692245905834
312,-0.056187352917767386
313,-0.055379450391950344
314,-0.046309710642244206
315,-0.03639729774407231
316,-0.029000986082262554
317,-0.0245521832079603
318,-0.022256598251993463
319,-0.021205413136216728
320,-0.020765815243081596
321,-0.02051282051282055
322,-0.02051282051282055
323,-0.02051282051282055
324,-0.02051282051282055
325,-0.02051282051282055
326,-0.02051282051282055
327,-0.02051282051282055
328,-0.02051282051282055
329,-0.02051282051282055
330,-0.02051282051282055
331,-0.0013824685306682485
332,0.21546204299062405
333,0.38724003118021255
334,0.28467776397810884
335,0.12117757373694983
336,0.014461428303098902
337,-0.037786692245905834
338,-0.056187352917767386
339,-0.055379450391950344
340,-0.046309710642244206
341,-0.03639729774407231
342,-0.029000986082262554
343,-0.0245521832079603
344,-0.022256598251993463
345,-0.021205413136216728
346,-0.020765815243081596
347,-0.02051282051282055
348,-0.02051282051282055
349,-0.02051282051282055
350,-0.02051282051282055
351,-0.02051282051282055
352,-0.02051282051282055
353,-0.02051282051282055
354,-0.02051282051282055
355,-0.02051282051282055
356,-0.02051282051282055
357,-0.02051282051282055
358,-0.02051282051282055
359,-0.0013824685306682485
360,0.21546204299062405
361,0.38724003118021255
362,0.28467776397810884
363,0.12117757373694983
364,0.014461428303098902
365,-0.037786692245905834
366,-0.056187352917767386
367,-0.055379450391950344
368,-0.046309710642244206
369,-0.03639729774407231
370,-0.029000986082262554
371,-0.0245521832079603
372,-0.022256598251993463
373,-0.021205413136216728
374,-0.020765815243081596
375,-0.02051282051282055
376,-0.02051282051282055
377,-0.02051282051282055
378,-0.02051282051282055
379,-0.02051282051282055
380,-0.02051282051282055
381,-0.02051282051282055
382,-0.02051282051282055
383,-0.02051282051282055
384,-0.02051282051282055
385,-0.02051282051282055
386,-0.02051282051282055
387,-0.02051282051282055
388,-0.02051282051282055
