{
    "output_000.mov": {
        "movie_clip": "output_000.mov",
        "average_hsv": [
            96.35302095766416,
            214.88857955367462,
            10.874044517234518
        ]
    },
    "output_001.mov": {
        "movie_clip": "output_001.mov",
        "average_hsv": [
            94.2008912715206,
            186.26115962275756,
            12.409662961606623
        ]
    },
    "output_002.mov": {
        "movie_clip": "output_002.mov",
        "average_hsv": [
            97.42880169903789,
            205.5436266185619,
            16.975980100278505
        ]
    },
    "output_003.mov": {
        "movie_clip": "output_003.mov",
        "average_hsv": [
            97.15695400661895,
            202.86546839961298,
            17.82614673755787
        ]
    },
    "output_004.mov": {
        "movie_clip": "output_004.mov",
        "average_hsv": [
            99.17517161051433,
            205.2620630560981,
            14.587001195836947
        ]
    },
    "output_005.mov": {
        "movie_clip": "output_005.mov",
        "average_hsv": [
            99.37375548186127,
            191.94229070592812,
            17.2290155255353
        ]
    },
    "output_006.mov": {
        "movie_clip": "output_006.mov",
        "average_hsv": [
            94.32021282054762,
            182.6281318608037,
            14.491130518030241
        ]
    },
    "output_007.mov": {
        "movie_clip": "output_007.mov",
        "average_hsv": [
            99.39776632803454,
            180.12772200972952,
            21.21814271149812
        ]
    },
    "output_008.mov": {
        "movie_clip": "output_008.mov",
        "average_hsv": [
            92.75361910219546,
            193.3517331723814,
            17.63719519721138
        ]
    },
    "output_009.mov": {
        "movie_clip": "output_009.mov",
        "average_hsv": [
            94.6465182043005,
            183.83364965368196,
            24.188431272153508
        ]
    },
    "output_010.mov": {
        "movie_clip": "output_010.mov",
        "average_hsv": [
            97.25024822962351,
            177.66229102704682,
            22.00918776270102
        ]
    },
    "output_011.mov": {
        "movie_clip": "output_011.mov",
        "average_hsv": [
            99.32201195610897,
            185.3872558932833,
            28.46783665409794
        ]
    },
    "output_012.mov": {
        "movie_clip": "output_012.mov",
        "average_hsv": [
            92.85388376871747,
            183.62144131130643,
            21.78805926287617
        ]
    },
    "output_013.mov": {
        "movie_clip": "output_013.mov",
        "average_hsv": [
            18.698770638925055,
            153.05998506899238,
            22.559458550347234
        ]
    },
    "output_014.mov": {
        "movie_clip": "output_014.mov",
        "average_hsv": [
            18.556962076822913,
            147.87934460675277,
            22.195548321759258
        ]
    },
    "output_015.mov": {
        "movie_clip": "output_015.mov",
        "average_hsv": [
            18.78483170120804,
            145.93223597773797,
            21.4412944539388
        ]
    },
    "output_016.mov": {
        "movie_clip": "output_016.mov",
        "average_hsv": [
            32.84519342493128,
            153.95538630732779,
            19.586444724754056
        ]
    },
    "output_017.mov": {
        "movie_clip": "output_017.mov",
        "average_hsv": [
            21.494508192274306,
            201.240473666721,
            18.867956791630494
        ]
    },
    "output_018.mov": {
        "movie_clip": "output_018.mov",
        "average_hsv": [
            28.500177736635553,
            195.20419860839846,
            15.88211457429108
        ]
    },
    "output_019.mov": {
        "movie_clip": "output_019.mov",
        "average_hsv": [
            28.116455496328843,
            196.6324539297598,
            16.025702853732643
        ]
    },
    "output_020.mov": {
        "movie_clip": "output_020.mov",
        "average_hsv": [
            26.33284863852339,
            201.42250853207236,
            16.86399848090278
        ]
    },
    "output_021.mov": {
        "movie_clip": "output_021.mov",
        "average_hsv": [
            29.856499068648716,
            238.3581773093894,
            14.107305037887011
        ]
    },
    "output_022.mov": {
        "movie_clip": "output_022.mov",
        "average_hsv": [
            26.473311473705166,
            225.50059799759478,
            16.23266347249349
        ]
    },
    "output_023.mov": {
        "movie_clip": "output_023.mov",
        "average_hsv": [
            20.37978564227069,
            165.09332442672158,
            26.325065850151926
        ]
    },
    "output_024.mov": {
        "movie_clip": "output_024.mov",
        "average_hsv": [
            19.899030886049626,
            178.21993468107993,
            30.256330012568714
        ]
    },
    "output_025.mov": {
        "movie_clip": "output_025.mov",
        "average_hsv": [
            29.412381354437926,
            184.68129602502893,
            19.765919370298025
        ]
    },
    "output_026.mov": {
        "movie_clip": "output_026.mov",
        "average_hsv": [
            36.350771427860955,
            194.00139894838685,
            20.43548550075954
        ]
    },
    "output_027.mov": {
        "movie_clip": "output_027.mov",
        "average_hsv": [
            29.35586996572991,
            190.10841868082684,
            27.25787634955513
        ]
    },
    "output_028.mov": {
        "movie_clip": "output_028.mov",
        "average_hsv": [
            27.381207919650606,
            188.35929491961429,
            29.91626241048176
        ]
    },
    "output_029.mov": {
        "movie_clip": "output_029.mov",
        "average_hsv": [
            26.65469868977863,
            190.3438829662181,
            31.28741053828486
        ]
    },
    "output_030.mov": {
        "movie_clip": "output_030.mov",
        "average_hsv": [
            34.07872916892723,
            187.55583126491968,
            22.8045070167824
        ]
    },
    "output_031.mov": {
        "movie_clip": "output_031.mov",
        "average_hsv": [
            23.035451822916674,
            200.22724706460158,
            23.483234900402042
        ]
    },
    "output_032.mov": {
        "movie_clip": "output_032.mov",
        "average_hsv": [
            25.418911607530372,
            204.35665344238282,
            25.199320882161448
        ]
    },
    "output_033.mov": {
        "movie_clip": "output_033.mov",
        "average_hsv": [
            25.035674777560757,
            202.52856733534068,
            21.54304009331598
        ]
    },
    "output_034.mov": {
        "movie_clip": "output_034.mov",
        "average_hsv": [
            29.905778243453426,
            190.51983778211812,
            20.845943592212812
        ]
    },
    "output_035.mov": {
        "movie_clip": "output_035.mov",
        "average_hsv": [
            30.654973687065972,
            164.5846067527489,
            30.70972719545718
        ]
    },
    "output_036.mov": {
        "movie_clip": "output_036.mov",
        "average_hsv": [
            71.90780329951534,
            73.92293662742334,
            92.01053056504992
        ]
    },
    "output_037.mov": {
        "movie_clip": "output_037.mov",
        "average_hsv": [
            99.13307611536094,
            110.4412392171224,
            110.69860288266783
        ]
    },
    "output_038.mov": {
        "movie_clip": "output_038.mov",
        "average_hsv": [
            98.38218183729383,
            105.74035229718238,
            101.21260970504191
        ]
    },
    "output_039.mov": {
        "movie_clip": "output_039.mov",
        "average_hsv": [
            98.21464424415869,
            109.48589095504191,
            97.35836506031177
        ]
    },
    "output_040.mov": {
        "movie_clip": "output_040.mov",
        "average_hsv": [
            95.39810179533778,
            98.93315325701677,
            91.78217028582536
        ]
    },
    "output_041.mov": {
        "movie_clip": "output_041.mov",
        "average_hsv": [
            96.74484620568347,
            93.52916788879753,
            111.99920134320179
        ]
    },
    "output_042.mov": {
        "movie_clip": "output_042.mov",
        "average_hsv": [
            98.62037249529801,
            103.36900466353804,
            121.66260834870513
        ]
    },
    "output_043.mov": {
        "movie_clip": "output_043.mov",
        "average_hsv": [
            98.83379033971717,
            100.09974247685186,
            124.88007804588034
        ]
    },
    "output_044.mov": {
        "movie_clip": "output_044.mov",
        "average_hsv": [
            98.62969247323493,
            129.67807011357058,
            84.43840197527848
        ]
    },
    "output_045.mov": {
        "movie_clip": "output_045.mov",
        "average_hsv": [
            98.68301848234957,
            97.9630009516963,
            127.28770897759328
        ]
    },
    "output_046.mov": {
        "movie_clip": "output_046.mov",
        "average_hsv": [
            97.95682814986615,
            108.4412671576606,
            101.68416154649525
        ]
    },
    "output_047.mov": {
        "movie_clip": "output_047.mov",
        "average_hsv": [
            97.64823833324289,
            123.24817811188876,
            63.632690633138
        ]
    },
    "output_048.mov": {
        "movie_clip": "output_048.mov",
        "average_hsv": [
            97.10742515281396,
            130.37374712908715,
            65.54073092990454
        ]
    },
    "output_049.mov": {
        "movie_clip": "output_049.mov",
        "average_hsv": [
            81.7764066455982,
            104.25499335394967,
            47.719329698350684
        ]
    },
    "output_050.mov": {
        "movie_clip": "output_050.mov",
        "average_hsv": [
            37.08972724066839,
            143.21980371545854,
            27.61074817798757
        ]
    },
    "output_051.mov": {
        "movie_clip": "output_051.mov",
        "average_hsv": [
            63.534121511953856,
            151.7361355138708,
            26.183203215422456
        ]
    },
    "output_052.mov": {
        "movie_clip": "output_052.mov",
        "average_hsv": [
            79.4246099346674,
            110.66677468247438,
            18.148135199652778
        ]
    },
    "output_053.mov": {
        "movie_clip": "output_053.mov",
        "average_hsv": [
            73.01057367395475,
            96.83650182653356,
            15.520495842827685
        ]
    },
    "output_054.mov": {
        "movie_clip": "output_054.mov",
        "average_hsv": [
            76.00548213252316,
            91.51466227213548,
            37.454560705114304
        ]
    },
    "output_055.mov": {
        "movie_clip": "output_055.mov",
        "average_hsv": [
            86.76124833848742,
            89.05727709734879,
            48.98344051784938
        ]
    },
    "output_056.mov": {
        "movie_clip": "output_056.mov",
        "average_hsv": [
            45.53179169831453,
            118.06305977150248,
            35.98271599663631
        ]
    },
    "output_057.mov": {
        "movie_clip": "output_057.mov",
        "average_hsv": [
            78.43989517777055,
            168.88202455873844,
            32.88795772976347
        ]
    },
    "output_058.mov": {
        "movie_clip": "output_058.mov",
        "average_hsv": [
            59.73418763337313,
            161.01173836036966,
            22.615323531539346
        ]
    },
    "output_059.mov": {
        "movie_clip": "output_059.mov",
        "average_hsv": [
            56.12301988389757,
            148.90362124972873,
            29.8281669221101
        ]
    },
    "output_060.mov": {
        "movie_clip": "output_060.mov",
        "average_hsv": [
            48.943836296929256,
            135.4159325267651,
            20.53391378897208
        ]
    },
    "output_061.mov": {
        "movie_clip": "output_061.mov",
        "average_hsv": [
            37.572796721281826,
            153.62978823061337,
            18.508067819100834
        ]
    },
    "output_062.mov": {
        "movie_clip": "output_062.mov",
        "average_hsv": [
            37.59568515853436,
            103.2444802745797,
            19.420817902503657
        ]
    },
    "output_063.mov": {
        "movie_clip": "output_063.mov",
        "average_hsv": [
            32.24965026855468,
            143.428332417806,
            23.377978866012004
        ]
    },
    "output_064.mov": {
        "movie_clip": "output_064.mov",
        "average_hsv": [
            77.60796494095415,
            139.6447236915871,
            25.38987199571397
        ]
    },
    "output_065.mov": {
        "movie_clip": "output_065.mov",
        "average_hsv": [
            75.81451543737342,
            125.96943178530096,
            21.10715270996094
        ]
    },
    "output_066.mov": {
        "movie_clip": "output_066.mov",
        "average_hsv": [
            63.091343270761,
            160.39121374059607,
            13.190403770164204
        ]
    },
    "output_067.mov": {
        "movie_clip": "output_067.mov",
        "average_hsv": [
            54.022802101417824,
            160.8567039659288,
            14.07232302065249
        ]
    },
    "output_068.mov": {
        "movie_clip": "output_068.mov",
        "average_hsv": [
            40.22240018491393,
            156.7848529730903,
            21.29087612575955
        ]
    },
    "output_069.mov": {
        "movie_clip": "output_069.mov",
        "average_hsv": [
            59.62348127577037,
            150.54140412507232,
            18.340619325991025
        ]
    },
    "output_070.mov": {
        "movie_clip": "output_070.mov",
        "average_hsv": [
            79.03038658989799,
            158.54185980902778,
            18.057499762641058
        ]
    },
    "output_071.mov": {
        "movie_clip": "output_071.mov",
        "average_hsv": [
            75.1061196334274,
            159.82998940927018,
            14.895019271285443
        ]
    },
    "output_072.mov": {
        "movie_clip": "output_072.mov",
        "average_hsv": [
            53.36028497350149,
            149.39285453216385,
            19.896675861202493
        ]
    },
    "output_073.mov": {
        "movie_clip": "output_073.mov",
        "average_hsv": [
            66.97301557752823,
            132.52155515317563,
            22.0584068467882
        ]
    },
    "output_074.mov": {
        "movie_clip": "output_074.mov",
        "average_hsv": [
            73.85531506573719,
            146.66719061957474,
            17.957595384385858
        ]
    },
    "output_075.mov": {
        "movie_clip": "output_075.mov",
        "average_hsv": [
            65.47503483525028,
            146.2849920089157,
            24.070022277832027
        ]
    },
    "output_076.mov": {
        "movie_clip": "output_076.mov",
        "average_hsv": [
            63.214268595377604,
            159.78930399576822,
            19.426995600947627
        ]
    },
    "output_077.mov": {
        "movie_clip": "output_077.mov",
        "average_hsv": [
            57.46639143202041,
            137.8790386962891,
            16.412500892921738
        ]
    },
    "output_078.mov": {
        "movie_clip": "output_078.mov",
        "average_hsv": [
            55.81209517867479,
            153.77943354853883,
            15.591653951009112
        ]
    },
    "output_079.mov": {
        "movie_clip": "output_079.mov",
        "average_hsv": [
            51.096233102303934,
            136.13896991871025,
            19.02676612006293
        ]
    },
    "output_080.mov": {
        "movie_clip": "output_080.mov",
        "average_hsv": [
            54.41380731653282,
            131.25457047073937,
            21.387651401095923
        ]
    },
    "output_081.mov": {
        "movie_clip": "output_081.mov",
        "average_hsv": [
            37.91863715277779,
            149.52484308313447,
            18.201761101616754
        ]
    },
    "output_082.mov": {
        "movie_clip": "output_082.mov",
        "average_hsv": [
            49.731786758988,
            158.46606793438943,
            16.723590788664655
        ]
    },
    "output_083.mov": {
        "movie_clip": "output_083.mov",
        "average_hsv": [
            27.82028861705043,
            149.78497247350145,
            25.634616490771197
        ]
    },
    "output_084.mov": {
        "movie_clip": "output_084.mov",
        "average_hsv": [
            28.21030991165725,
            148.70867985478154,
            25.711637166341138
        ]
    },
    "output_085.mov": {
        "movie_clip": "output_085.mov",
        "average_hsv": [
            46.06873011836299,
            147.79395320185913,
            18.2918411480939
        ]
    },
    "output_086.mov": {
        "movie_clip": "output_086.mov",
        "average_hsv": [
            51.534595721209506,
            137.5508788949472,
            18.866301710340718
        ]
    },
    "output_087.mov": {
        "movie_clip": "output_087.mov",
        "average_hsv": [
            19.152626173231337,
            165.67242933485235,
            24.162431832772715
        ]
    },
    "output_088.mov": {
        "movie_clip": "output_088.mov",
        "average_hsv": [
            24.5930635579427,
            161.54520067003037,
            24.855126512315547
        ]
    },
    "output_089.mov": {
        "movie_clip": "output_089.mov",
        "average_hsv": [
            23.620486857096356,
            158.1006433896666,
            19.788867368344906
        ]
    },
    "output_090.mov": {
        "movie_clip": "output_090.mov",
        "average_hsv": [
            29.256810585304535,
            150.09206384729458,
            19.921357376663778
        ]
    },
    "output_091.mov": {
        "movie_clip": "output_091.mov",
        "average_hsv": [
            49.51998549849896,
            129.4964498901367,
            18.660132548014325
        ]
    },
    "output_092.mov": {
        "movie_clip": "output_092.mov",
        "average_hsv": [
            55.38374390778717,
            140.42716222692414,
            14.290382102683738
        ]
    },
    "output_093.mov": {
        "movie_clip": "output_093.mov",
        "average_hsv": [
            51.19199674479166,
            141.37069010416675,
            16.083744391904247
        ]
    },
    "output_094.mov": {
        "movie_clip": "output_094.mov",
        "average_hsv": [
            48.34469098126445,
            141.6268309529623,
            18.19409453215422
        ]
    },
    "output_095.mov": {
        "movie_clip": "output_095.mov",
        "average_hsv": [
            48.28226899323641,
            144.6386275340892,
            17.445295839662908
        ]
    },
    "output_096.mov": {
        "movie_clip": "output_096.mov",
        "average_hsv": [
            50.16020226372614,
            143.71163386592158,
            18.607850364402488
        ]
    },
    "output_097.mov": {
        "movie_clip": "output_097.mov",
        "average_hsv": [
            33.15978910092952,
            162.20022226969402,
            30.81992114031755
        ]
    },
    "output_098.mov": {
        "movie_clip": "output_098.mov",
        "average_hsv": [
            24.477884012858066,
            164.4074499737775,
            39.838328394006794
        ]
    },
    "output_099.mov": {
        "movie_clip": "output_099.mov",
        "average_hsv": [
            23.691923862033406,
            155.40302638301145,
            41.04049133300781
        ]
    },
    "output_100.mov": {
        "movie_clip": "output_100.mov",
        "average_hsv": [
            49.52218770345052,
            146.48857812952113,
            35.02710474084923
        ]
    },
    "output_101.mov": {
        "movie_clip": "output_101.mov",
        "average_hsv": [
            95.02806302671083,
            124.57685387505421,
            58.87025962547019
        ]
    },
    "output_102.mov": {
        "movie_clip": "output_102.mov",
        "average_hsv": [
            93.10112644901983,
            77.6711334906684,
            79.62994406240956
        ]
    },
    "output_103.mov": {
        "movie_clip": "output_103.mov",
        "average_hsv": [
            87.34107755307797,
            126.64160166422529,
            48.61760426839194
        ]
    },
    "output_104.mov": {
        "movie_clip": "output_104.mov",
        "average_hsv": [
            95.07098170230263,
            157.48383407574931,
            37.48654085572005
        ]
    },
    "output_105.mov": {
        "movie_clip": "output_105.mov",
        "average_hsv": [
            98.19452742965136,
            168.85684026647493,
            38.90052691424333
        ]
    },
    "output_106.mov": {
        "movie_clip": "output_106.mov",
        "average_hsv": [
            99.65006101255061,
            193.69491162335427,
            32.52593468560111
        ]
    },
    "output_107.mov": {
        "movie_clip": "output_107.mov",
        "average_hsv": [
            99.79669299090352,
            163.38793269404664,
            52.59245194046585
        ]
    },
    "output_108.mov": {
        "movie_clip": "output_108.mov",
        "average_hsv": [
            98.89141279432509,
            177.79786853931566,
            41.47323220712166
        ]
    },
    "output_109.mov": {
        "movie_clip": "output_109.mov",
        "average_hsv": [
            95.5983148871528,
            171.9522115636755,
            39.53071811252172
        ]
    },
    "output_110.mov": {
        "movie_clip": "output_110.mov",
        "average_hsv": [
            98.20462535716871,
            172.31898302996603,
            47.155202783655234
        ]
    },
    "output_111.mov": {
        "movie_clip": "output_111.mov",
        "average_hsv": [
            97.28122811776622,
            181.98537410029647,
            46.269471548574934
        ]
    },
    "output_112.mov": {
        "movie_clip": "output_112.mov",
        "average_hsv": [
            98.25794964825666,
            178.71852892840357,
            51.6811365198206
        ]
    },
    "output_113.mov": {
        "movie_clip": "output_113.mov",
        "average_hsv": [
            97.73105230260781,
            178.7597631383825,
            40.76036084210432
        ]
    },
    "output_114.mov": {
        "movie_clip": "output_114.mov",
        "average_hsv": [
            97.51215492507309,
            184.448342379386,
            34.382323693347956
        ]
    },
    "output_115.mov": {
        "movie_clip": "output_115.mov",
        "average_hsv": [
            98.68520293059173,
            181.93569521303536,
            41.27048403139467
        ]
    },
    "output_116.mov": {
        "movie_clip": "output_116.mov",
        "average_hsv": [
            97.28925618489576,
            178.640610035084,
            39.26420739067927
        ]
    },
    "output_117.mov": {
        "movie_clip": "output_117.mov",
        "average_hsv": [
            98.15271386040585,
            179.11279533103652,
            40.3175993290654
        ]
    },
    "output_118.mov": {
        "movie_clip": "output_118.mov",
        "average_hsv": [
            99.35081060338904,
            177.66563668710214,
            44.56828615541813
        ]
    },
    "output_119.mov": {
        "movie_clip": "output_119.mov",
        "average_hsv": [
            98.99705344871239,
            177.84181844075522,
            46.36186449969255
        ]
    },
    "output_120.mov": {
        "movie_clip": "output_120.mov",
        "average_hsv": [
            99.14096793845846,
            172.43610238534427,
            55.026565450032585
        ]
    },
    "output_121.mov": {
        "movie_clip": "output_121.mov",
        "average_hsv": [
            95.37127408628112,
            178.61395245587383,
            44.05512461344401
        ]
    },
    "output_122.mov": {
        "movie_clip": "output_122.mov",
        "average_hsv": [
            89.6566854067202,
            161.43700725414138,
            43.14279508237487
        ]
    },
    "output_123.mov": {
        "movie_clip": "output_123.mov",
        "average_hsv": [
            17.262778376826528,
            186.97534440782331,
            83.17175573278361
        ]
    },
    "output_124.mov": {
        "movie_clip": "output_124.mov",
        "average_hsv": [
            14.094750592267069,
            215.80641305428966,
            75.25521988480178
        ]
    },
    "output_125.mov": {
        "movie_clip": "output_125.mov",
        "average_hsv": [
            14.532544202302635,
            204.15466533031795,
            84.21049580820541
        ]
    },
    "output_126.mov": {
        "movie_clip": "output_126.mov",
        "average_hsv": [
            15.624026421440979,
            208.1242305162217,
            74.94698751944082
        ]
    },
    "output_127.mov": {
        "movie_clip": "output_127.mov",
        "average_hsv": [
            13.14442953604239,
            217.06355316162103,
            72.39322771990742
        ]
    },
    "output_128.mov": {
        "movie_clip": "output_128.mov",
        "average_hsv": [
            15.362222583912036,
            205.74311278166599,
            75.04442805537472
        ]
    },
    "output_129.mov": {
        "movie_clip": "output_129.mov",
        "average_hsv": [
            13.666756614402482,
            224.73416516339344,
            69.47592978018302
        ]
    },
    "output_130.mov": {
        "movie_clip": "output_130.mov",
        "average_hsv": [
            16.662850782606334,
            219.69023755108864,
            78.58564610234012
        ]
    },
    "output_131.mov": {
        "movie_clip": "output_131.mov",
        "average_hsv": [
            16.853308851453992,
            214.09617430510352,
            75.53016669379338
        ]
    },
    "output_132.mov": {
        "movie_clip": "output_132.mov",
        "average_hsv": [
            14.740994929560912,
            216.5092752301252,
            68.81441960087533
        ]
    },
    "output_133.mov": {
        "movie_clip": "output_133.mov",
        "average_hsv": [
            13.763079732259113,
            226.65369453712742,
            65.68880089653861
        ]
    },
    "output_134.mov": {
        "movie_clip": "output_134.mov",
        "average_hsv": [
            14.031065606011282,
            221.31423174822768,
            67.1451870614511
        ]
    },
    "output_135.mov": {
        "movie_clip": "output_135.mov",
        "average_hsv": [
            17.134703284904965,
            207.5172145010965,
            65.23322521472957
        ]
    },
    "output_136.mov": {
        "movie_clip": "output_136.mov",
        "average_hsv": [
            16.272823441116902,
            210.18372157344115,
            66.79171977855539
        ]
    },
    "output_137.mov": {
        "movie_clip": "output_137.mov",
        "average_hsv": [
            14.329525734230323,
            220.50991286666314,
            60.833681640625
        ]
    },
    "output_138.mov": {
        "movie_clip": "output_138.mov",
        "average_hsv": [
            16.13390670211226,
            199.91415332935478,
            69.33533537688078
        ]
    },
    "output_139.mov": {
        "movie_clip": "output_139.mov",
        "average_hsv": [
            16.650991312662757,
            195.87683333785444,
            78.72639173719614
        ]
    },
    "output_140.mov": {
        "movie_clip": "output_140.mov",
        "average_hsv": [
            16.48148659035011,
            201.78143637197994,
            77.61394758436414
        ]
    },
    "output_141.mov": {
        "movie_clip": "output_141.mov",
        "average_hsv": [
            16.936984885886865,
            207.41140492757157,
            76.97575991030091
        ]
    },
    "output_142.mov": {
        "movie_clip": "output_142.mov",
        "average_hsv": [
            16.702055166739,
            214.44106509738495,
            60.10843323884188
        ]
    },
    "output_143.mov": {
        "movie_clip": "output_143.mov",
        "average_hsv": [
            18.721847669813364,
            213.30200629340285,
            60.43381631356698
        ]
    },
    "output_144.mov": {
        "movie_clip": "output_144.mov",
        "average_hsv": [
            23.242482944064673,
            159.96529777244285,
            63.73012307626229
        ]
    },
    "output_145.mov": {
        "movie_clip": "output_145.mov",
        "average_hsv": [
            19.1019356839364,
            192.10142974460894,
            58.51500235288743
        ]
    },
    "output_146.mov": {
        "movie_clip": "output_146.mov",
        "average_hsv": [
            18.110001051161024,
            196.17588913529002,
            65.00205594663267
        ]
    },
    "output_147.mov": {
        "movie_clip": "output_147.mov",
        "average_hsv": [
            30.181793879756214,
            161.4736107720269,
            69.25775917335791
        ]
    },
    "output_148.mov": {
        "movie_clip": "output_148.mov",
        "average_hsv": [
            44.757902515552665,
            151.34511175084995,
            83.884479731807
        ]
    },
    "output_149.mov": {
        "movie_clip": "output_149.mov",
        "average_hsv": [
            35.2644601779514,
            142.75975642451536,
            87.05937429922598
        ]
    },
    "output_150.mov": {
        "movie_clip": "output_150.mov",
        "average_hsv": [
            29.315660716869207,
            137.31639503761576,
            82.76646214237924
        ]
    },
    "output_151.mov": {
        "movie_clip": "output_151.mov",
        "average_hsv": [
            32.788211409957306,
            128.42413894088182,
            44.61082859745732
        ]
    },
    "output_152.mov": {
        "movie_clip": "output_152.mov",
        "average_hsv": [
            32.57674662272135,
            114.08290989628544,
            55.19805423312718
        ]
    },
    "output_153.mov": {
        "movie_clip": "output_153.mov",
        "average_hsv": [
            46.1601163284867,
            102.95744719328701,
            84.16725287543402
        ]
    },
    "output_154.mov": {
        "movie_clip": "output_154.mov",
        "average_hsv": [
            36.845980190700956,
            89.05625220404733,
            78.06589135064017
        ]
    },
    "output_155.mov": {
        "movie_clip": "output_155.mov",
        "average_hsv": [
            37.45457198531539,
            97.89536185935691,
            76.33041082311559
        ]
    },
    "output_156.mov": {
        "movie_clip": "output_156.mov",
        "average_hsv": [
            36.51588013980263,
            138.26186378380845,
            39.58977800621346
        ]
    },
    "output_157.mov": {
        "movie_clip": "output_157.mov",
        "average_hsv": [
            21.938297582555705,
            131.69240749782983,
            49.686097920735655
        ]
    },
    "output_158.mov": {
        "movie_clip": "output_158.mov",
        "average_hsv": [
            34.277502305772586,
            106.41714656123405,
            65.06207995379414
        ]
    },
    "output_159.mov": {
        "movie_clip": "output_159.mov",
        "average_hsv": [
            35.87807461208768,
            106.13117516411675,
            64.48093343098952
        ]
    },
    "output_160.mov": {
        "movie_clip": "output_160.mov",
        "average_hsv": [
            24.83972750063296,
            118.6921260579427,
            59.9344179506655
        ]
    },
    "output_161.mov": {
        "movie_clip": "output_161.mov",
        "average_hsv": [
            27.50834004720052,
            128.70234373869718,
            46.97847451669198
        ]
    },
    "output_162.mov": {
        "movie_clip": "output_162.mov",
        "average_hsv": [
            24.02863474527995,
            129.86808303267864,
            47.374673111527066
        ]
    },
    "output_163.mov": {
        "movie_clip": "output_163.mov",
        "average_hsv": [
            27.78098510742186,
            119.23963938395184,
            42.02159575285734
        ]
    },
    "output_164.mov": {
        "movie_clip": "output_164.mov",
        "average_hsv": [
            18.828215060763892,
            183.10185727719906,
            13.60763596146195
        ]
    },
    "output_165.mov": {
        "movie_clip": "output_165.mov",
        "average_hsv": [
            26.282767051414208,
            175.37367780897353,
            16.789222920735686
        ]
    },
    "output_166.mov": {
        "movie_clip": "output_166.mov",
        "average_hsv": [
            30.45290380573829,
            161.24794520970386,
            16.5531118192617
        ]
    },
    "output_167.mov": {
        "movie_clip": "output_167.mov",
        "average_hsv": [
            28.10522862187139,
            166.75068109582966,
            19.195232837818285
        ]
    },
    "output_168.mov": {
        "movie_clip": "output_168.mov",
        "average_hsv": [
            27.412315685130945,
            156.08756483289932,
            18.3527806712963
        ]
    },
    "output_169.mov": {
        "movie_clip": "output_169.mov",
        "average_hsv": [
            30.119034310800046,
            152.334255766692,
            17.153967239945025
        ]
    },
    "output_170.mov": {
        "movie_clip": "output_170.mov",
        "average_hsv": [
            33.678893929940685,
            155.3894171481662,
            14.209278711389613
        ]
    },
    "output_171.mov": {
        "movie_clip": "output_171.mov",
        "average_hsv": [
            31.579697254322202,
            167.00095356128838,
            16.712848194263604
        ]
    },
    "output_172.mov": {
        "movie_clip": "output_172.mov",
        "average_hsv": [
            36.90189227068864,
            172.38564132125293,
            14.963566238968456
        ]
    },
    "output_173.mov": {
        "movie_clip": "output_173.mov",
        "average_hsv": [
            22.637260583948215,
            170.08697360568576,
            16.001021615487556
        ]
    },
    "output_174.mov": {
        "movie_clip": "output_174.mov",
        "average_hsv": [
            43.8283300668222,
            178.3422071555808,
            13.464253449616605
        ]
    },
    "output_175.mov": {
        "movie_clip": "output_175.mov",
        "average_hsv": [
            33.21104506881148,
            167.11791904025608,
            13.186469308358651
        ]
    },
    "output_176.mov": {
        "movie_clip": "output_176.mov",
        "average_hsv": [
            27.399772135416658,
            150.9444468293367,
            20.174926644784435
        ]
    },
    "output_177.mov": {
        "movie_clip": "output_177.mov",
        "average_hsv": [
            26.587771370157164,
            157.4121388888889,
            20.51727271792764
        ]
    },
    "output_178.mov": {
        "movie_clip": "output_178.mov",
        "average_hsv": [
            79.20008634214047,
            80.09050546151617,
            47.029194121184155
        ]
    },
    "output_179.mov": {
        "movie_clip": "output_179.mov",
        "average_hsv": [
            86.54645833333335,
            80.39108084219477,
            57.93064958360463
        ]
    },
    "output_180.mov": {
        "movie_clip": "output_180.mov",
        "average_hsv": [
            84.189541659885,
            60.46416106047454,
            77.90254357231989
        ]
    },
    "output_181.mov": {
        "movie_clip": "output_181.mov",
        "average_hsv": [
            86.75333768491394,
            76.1551860441985,
            63.39378293637879
        ]
    },
    "output_182.mov": {
        "movie_clip": "output_182.mov",
        "average_hsv": [
            85.20237260606554,
            70.60226888020831,
            75.05163298430269
        ]
    },
    "output_183.mov": {
        "movie_clip": "output_183.mov",
        "average_hsv": [
            83.61463626437715,
            71.19489490650315,
            72.58562305591728
        ]
    },
    "output_184.mov": {
        "movie_clip": "output_184.mov",
        "average_hsv": [
            81.86896943268954,
            60.90577503345631,
            99.1920938901548
        ]
    },
    "output_185.mov": {
        "movie_clip": "output_185.mov",
        "average_hsv": [
            69.91840964988425,
            60.746337845413784,
            69.60478699860748
        ]
    },
    "output_186.mov": {
        "movie_clip": "output_186.mov",
        "average_hsv": [
            74.47076227258755,
            66.84801582618994,
            62.15914671721283
        ]
    },
    "output_187.mov": {
        "movie_clip": "output_187.mov",
        "average_hsv": [
            69.74582772523755,
            72.50764828901677,
            54.34057322505484
        ]
    },
    "output_188.mov": {
        "movie_clip": "output_188.mov",
        "average_hsv": [
            67.1035190271448,
            79.05579906322338,
            46.18574234573929
        ]
    },
    "output_189.mov": {
        "movie_clip": "output_189.mov",
        "average_hsv": [
            72.06669994212963,
            81.03756421124494,
            42.5736541974103
        ]
    },
    "output_190.mov": {
        "movie_clip": "output_190.mov",
        "average_hsv": [
            73.88781764277704,
            78.9982465842918,
            39.80038011338976
        ]
    },
    "output_191.mov": {
        "movie_clip": "output_191.mov",
        "average_hsv": [
            70.51773370813437,
            73.68168575710722,
            62.553348648636444
        ]
    },
    "output_192.mov": {
        "movie_clip": "output_192.mov",
        "average_hsv": [
            68.8138213772244,
            62.55760633680555,
            73.64060410111036
        ]
    },
    "output_193.mov": {
        "movie_clip": "output_193.mov",
        "average_hsv": [
            80.92617176197193,
            66.7701399287471,
            90.15736432110823
        ]
    },
    "output_194.mov": {
        "movie_clip": "output_194.mov",
        "average_hsv": [
            81.5146329419469,
            73.25990344785576,
            56.23144316139743
        ]
    }
}